timestamp;akkuLadestand;akkuEntladung;hausabgabe;netzbezug;akkuLadung;solarleistung;gesamtVerbrauch;simulierteSolarleistung;tmpSimulierteHausabgabe;simulierteAkkuLadung;simulierteVerpuffteSolarleistung;simulierteAkkuEntladung;tmpSimulierterNetzbezug;simulierteHausabgabe;simulierterNetzbezug;simulierterAkkuLadestand;normierterAkkuLadestand
2025-12-16T23:00:00+00:00;268.0;-0.0;0.0;183.0;0.0;0.0;183.0;0.0;0.0;0.0;0;183.0;183.0;183.0;0.0;426;268.0
2025-12-16T23:00:15.752000+00:00;268.0;-0.0;0.0;192.0;0.0;0.0;192.0;0.0;0.0;0.0;0.0;0;192.0;0.0;192.0;426;426
2025-12-16T23:05:16.382000+00:00;268.0;-0.0;0.0;206.0;0.0;0.0;206.0;0.0;0.0;0.0;0.0;0;206.0;0.0;206.0;426;426.0
2025-12-16T23:10:45.405000+00:00;268.0;-0.0;0.0;205.0;0.0;0.0;205.0;0.0;0.0;0.0;0.0;0;205.0;0.0;205.0;426;426.0
2025-12-16T23:14:45.386000+00:00;268.0;-0.0;0.0;198.0;0.0;0.0;198.0;0.0;0.0;0.0;0.0;0;198.0;0.0;198.0;426;426.0
2025-12-16T23:25:11.458000+00:00;268.0;-0.0;0.0;197.0;0.0;0.0;197.0;0.0;0.0;0.0;0.0;0;197.0;0.0;197.0;426;426.0
2025-12-16T23:30:11.571000+00:00;268.0;-0.0;0.0;181.0;0.0;0.0;181.0;0.0;0.0;0.0;0.0;0;181.0;0.0;181.0;426;426.0
2025-12-16T23:35:37.389000+00:00;268.0;-0.0;0.0;200.0;0.0;0.0;200.0;0.0;0.0;0.0;0.0;0;200.0;0.0;200.0;426;426.0
2025-12-16T23:40:37.398000+00:00;268.0;-0.0;0.0;210.0;0.0;0.0;210.0;0.0;0.0;0.0;0.0;0;210.0;0.0;210.0;426;426.0
2025-12-16T23:45:03.395000+00:00;268.0;-0.0;0.0;183.0;0.0;0.0;183.0;0.0;0.0;0.0;0.0;0;183.0;0.0;183.0;426;426.0
2025-12-16T23:55:29.391000+00:00;268.0;-0.0;0.0;182.0;0.0;0.0;182.0;0.0;0.0;0.0;0.0;0;182.0;0.0;182.0;426;426.0
2025-12-17T00:00:29.390000+00:00;268.0;-0.0;0.0;213.0;0.0;0.0;213.0;0.0;0.0;0.0;0.0;0;213.0;0.0;213.0;426;426.0
2025-12-17T00:05:55.422000+00:00;268.0;-0.0;0.0;206.0;0.0;0.0;206.0;0.0;0.0;0.0;0.0;0;206.0;0.0;206.0;426;426.0
2025-12-17T00:10:55.464000+00:00;268.0;-0.0;0.0;205.0;0.0;0.0;205.0;0.0;0.0;0.0;0.0;0;205.0;0.0;205.0;426;426.0
2025-12-17T00:15:20.422000+00:00;268.0;-0.0;0.0;201.0;0.0;0.0;201.0;0.0;0.0;0.0;0.0;0;201.0;0.0;201.0;426;426.0
2025-12-17T00:20:20.382000+00:00;268.0;-0.0;0.0;197.0;0.0;0.0;197.0;0.0;0.0;0.0;0.0;0;197.0;0.0;197.0;426;426.0
2025-12-17T00:25:46.415000+00:00;268.0;-0.0;0.0;199.0;0.0;0.0;199.0;0.0;0.0;0.0;0.0;0;199.0;0.0;199.0;426;426.0
2025-12-17T00:30:46.384000+00:00;268.0;-0.0;0.0;178.0;0.0;0.0;178.0;0.0;0.0;0.0;0.0;0;178.0;0.0;178.0;426;426.0
2025-12-17T00:36:12.397000+00:00;268.0;-0.0;0.0;179.0;0.0;0.0;179.0;0.0;0.0;0.0;0.0;0;179.0;0.0;179.0;426;426.0
2025-12-17T00:41:12.387000+00:00;268.0;-0.0;0.0;178.0;0.0;0.0;178.0;0.0;0.0;0.0;0.0;0;178.0;0.0;178.0;426;426.0
2025-12-17T00:45:38.393000+00:00;268.0;-0.0;0.0;177.0;0.0;0.0;177.0;0.0;0.0;0.0;0.0;0;177.0;0.0;177.0;426;426.0
2025-12-17T00:50:38.421000+00:00;268.0;-0.0;0.0;178.0;0.0;0.0;178.0;0.0;0.0;0.0;0.0;0;178.0;0.0;178.0;426;426.0
2025-12-17T00:56:04.387000+00:00;268.0;-0.0;0.0;181.0;0.0;0.0;181.0;0.0;0.0;0.0;0.0;0;181.0;0.0;181.0;426;426.0
2025-12-17T01:01:04.384000+00:00;268.0;-0.0;0.0;179.0;0.0;0.0;179.0;0.0;0.0;0.0;0.0;0;179.0;0.0;179.0;426;426.0
2025-12-17T01:06:30.402000+00:00;268.0;-0.0;0.0;201.0;0.0;0.0;201.0;0.0;0.0;0.0;0.0;0;201.0;0.0;201.0;426;426.0
2025-12-17T01:10:30.439000+00:00;268.0;-0.0;0.0;197.0;0.0;0.0;197.0;0.0;0.0;0.0;0.0;0;197.0;0.0;197.0;426;426.0
2025-12-17T01:15:56.404000+00:00;268.0;-0.0;0.0;200.0;0.0;0.0;200.0;0.0;0.0;0.0;0.0;0;200.0;0.0;200.0;426;426.0
2025-12-17T01:31:22.395000+00:00;268.0;-0.0;0.0;198.0;0.0;0.0;198.0;0.0;0.0;0.0;0.0;0;198.0;0.0;198.0;426;426.0
2025-12-17T01:36:48.437000+00:00;268.0;-0.0;0.0;195.0;0.0;0.0;195.0;0.0;0.0;0.0;0.0;0;195.0;0.0;195.0;426;426.0
2025-12-17T01:40:48.385000+00:00;268.0;-0.0;0.0;199.0;0.0;0.0;199.0;0.0;0.0;0.0;0.0;0;199.0;0.0;199.0;426;426.0
2025-12-17T01:45:48.383000+00:00;268.0;-0.0;0.0;198.0;0.0;0.0;198.0;0.0;0.0;0.0;0.0;0;198.0;0.0;198.0;426;426.0
2025-12-17T01:51:14.390000+00:00;268.0;-0.0;0.0;177.0;0.0;0.0;177.0;0.0;0.0;0.0;0.0;0;177.0;0.0;177.0;426;426.0
2025-12-17T01:56:14.383000+00:00;268.0;-0.0;0.0;178.0;0.0;0.0;178.0;0.0;0.0;0.0;0.0;0;178.0;0.0;178.0;426;426.0
2025-12-17T02:01:39.386000+00:00;268.0;-0.0;0.0;177.0;0.0;0.0;177.0;0.0;0.0;0.0;0.0;0;177.0;0.0;177.0;426;426.0
2025-12-17T02:06:39.388000+00:00;268.0;-0.0;0.0;180.0;0.0;0.0;180.0;0.0;0.0;0.0;0.0;0;180.0;0.0;180.0;426;426.0
2025-12-17T02:11:05.392000+00:00;268.0;-0.0;0.0;181.0;0.0;0.0;181.0;0.0;0.0;0.0;0.0;0;181.0;0.0;181.0;426;426.0
2025-12-17T02:16:05.392000+00:00;268.0;-0.0;0.0;183.0;0.0;0.0;183.0;0.0;0.0;0.0;0.0;0;183.0;0.0;183.0;426;426.0
2025-12-17T02:21:30.384000+00:00;268.0;-0.0;0.0;179.0;0.0;0.0;179.0;0.0;0.0;0.0;0.0;0;179.0;0.0;179.0;426;426.0
2025-12-17T02:26:30.387000+00:00;268.0;-0.0;0.0;202.0;0.0;0.0;202.0;0.0;0.0;0.0;0.0;0;202.0;0.0;202.0;426;426.0
2025-12-17T02:31:56.393000+00:00;268.0;-0.0;0.0;210.0;0.0;0.0;210.0;0.0;0.0;0.0;0.0;0;210.0;0.0;210.0;426;426.0
2025-12-17T02:36:56.392000+00:00;268.0;-0.0;0.0;202.0;0.0;0.0;202.0;0.0;0.0;0.0;0.0;0;202.0;0.0;202.0;426;426.0
2025-12-17T02:41:22.399000+00:00;241.0;-0.0;0.0;202.0;0.0;0.0;202.0;0.0;0.0;0.0;0.0;0;202.0;0.0;202.0;426;426.0
2025-12-17T02:51:48.421000+00:00;241.0;-0.0;0.0;199.0;0.0;0.0;199.0;0.0;0.0;0.0;0.0;0;199.0;0.0;199.0;426;426.0
2025-12-17T02:56:48.381000+00:00;241.0;-0.0;0.0;177.0;0.0;0.0;177.0;0.0;0.0;0.0;0.0;0;177.0;0.0;177.0;426;426.0
2025-12-17T03:06:14.385000+00:00;241.0;-0.0;0.0;213.0;0.0;0.0;213.0;0.0;0.0;0.0;0.0;0;213.0;0.0;213.0;426;426.0
2025-12-17T03:11:40.390000+00:00;241.0;-0.0;0.0;201.0;0.0;0.0;201.0;0.0;0.0;0.0;0.0;0;201.0;0.0;201.0;426;426.0
2025-12-17T03:16:40.407000+00:00;241.0;-0.0;0.0;199.0;0.0;0.0;199.0;0.0;0.0;0.0;0.0;0;199.0;0.0;199.0;426;426.0
2025-12-17T03:22:06.390000+00:00;241.0;-0.0;0.0;197.0;0.0;0.0;197.0;0.0;0.0;0.0;0.0;0;197.0;0.0;197.0;426;426.0
2025-12-17T03:27:06.388000+00:00;241.0;-0.0;0.0;177.0;0.0;0.0;177.0;0.0;0.0;0.0;0.0;0;177.0;0.0;177.0;426;426.0
2025-12-17T03:32:32.395000+00:00;241.0;-0.0;0.0;197.0;0.0;0.0;197.0;0.0;0.0;0.0;0.0;0;197.0;0.0;197.0;426;426.0
2025-12-17T03:36:32.383000+00:00;241.0;-0.0;0.0;183.0;0.0;0.0;183.0;0.0;0.0;0.0;0.0;0;183.0;0.0;183.0;426;426.0
2025-12-17T03:41:57.423000+00:00;241.0;-0.0;0.0;180.0;0.0;0.0;180.0;0.0;0.0;0.0;0.0;0;180.0;0.0;180.0;426;426.0
2025-12-17T03:46:57.380000+00:00;241.0;-0.0;0.0;177.0;0.0;0.0;177.0;0.0;0.0;0.0;0.0;0;177.0;0.0;177.0;426;426.0
2025-12-17T03:52:23.399000+00:00;241.0;-0.0;0.0;180.0;0.0;0.0;180.0;0.0;0.0;0.0;0.0;0;180.0;0.0;180.0;426;426.0
2025-12-17T03:57:23.393000+00:00;241.0;-0.0;0.0;179.0;0.0;0.0;179.0;0.0;0.0;0.0;0.0;0;179.0;0.0;179.0;426;426.0
2025-12-17T04:06:49.404000+00:00;241.0;-0.0;0.0;177.0;0.0;0.0;177.0;0.0;0.0;0.0;0.0;0;177.0;0.0;177.0;426;426.0
2025-12-17T04:11:50.382000+00:00;241.0;-0.0;0.0;201.0;0.0;0.0;201.0;0.0;0.0;0.0;0.0;0;201.0;0.0;201.0;426;426.0
2025-12-17T04:17:15.393000+00:00;241.0;-0.0;0.0;203.0;0.0;0.0;203.0;0.0;0.0;0.0;0.0;0;203.0;0.0;203.0;426;426.0
2025-12-17T04:27:40.387000+00:00;241.0;-0.0;0.0;199.0;0.0;0.0;199.0;0.0;0.0;0.0;0.0;0;199.0;0.0;199.0;426;426.0
2025-12-17T04:32:40.392000+00:00;241.0;-0.0;0.0;200.0;0.0;0.0;200.0;0.0;0.0;0.0;0.0;0;200.0;0.0;200.0;426;426.0
2025-12-17T04:37:06.391000+00:00;241.0;-0.0;0.0;199.0;0.0;0.0;199.0;0.0;0.0;0.0;0.0;0;199.0;0.0;199.0;426;426.0
2025-12-17T04:42:06.401000+00:00;241.0;-0.0;0.0;200.0;0.0;0.0;200.0;0.0;0.0;0.0;0.0;0;200.0;0.0;200.0;426;426.0
2025-12-17T04:47:32.399000+00:00;241.0;-0.0;0.0;198.0;0.0;0.0;198.0;0.0;0.0;0.0;0.0;0;198.0;0.0;198.0;426;426.0
2025-12-17T04:52:32.394000+00:00;241.0;-0.0;0.0;178.0;0.0;0.0;178.0;0.0;0.0;0.0;0.0;0;178.0;0.0;178.0;426;426.0
2025-12-17T05:02:58.397000+00:00;241.0;-0.0;0.0;177.0;0.0;0.0;177.0;0.0;0.0;0.0;0.0;0;177.0;0.0;177.0;426;426.0
2025-12-17T05:07:24.411000+00:00;241.0;-0.0;0.0;178.0;0.0;0.0;178.0;0.0;0.0;0.0;0.0;0;178.0;0.0;178.0;426;426.0
2025-12-17T05:12:24.389000+00:00;241.0;-0.0;0.0;181.0;0.0;0.0;181.0;0.0;0.0;0.0;0.0;0;181.0;0.0;181.0;426;426.0
2025-12-17T05:17:50.402000+00:00;241.0;-0.0;0.0;205.0;0.0;0.0;205.0;0.0;0.0;0.0;0.0;0;205.0;0.0;205.0;426;426.0
2025-12-17T05:22:50.405000+00:00;241.0;-0.0;0.0;202.0;0.0;0.0;202.0;0.0;0.0;0.0;0.0;0;202.0;0.0;202.0;426;426.0
2025-12-17T05:27:16.394000+00:00;241.0;-0.0;0.0;208.0;0.0;0.0;208.0;0.0;0.0;0.0;0.0;0;208.0;0.0;208.0;426;426.0
2025-12-17T05:32:16.391000+00:00;241.0;-0.0;0.0;199.0;0.0;0.0;199.0;0.0;0.0;0.0;0.0;0;199.0;0.0;199.0;426;426.0
2025-12-17T05:37:42.394000+00:00;241.0;-0.0;0.0;179.0;0.0;0.0;179.0;0.0;0.0;0.0;0.0;0;179.0;0.0;179.0;426;426.0
2025-12-17T05:42:42.424000+00:00;241.0;-0.0;0.0;200.0;0.0;0.0;200.0;0.0;0.0;0.0;0.0;0;200.0;0.0;200.0;426;426.0
2025-12-17T05:48:08.400000+00:00;241.0;-0.0;0.0;199.0;0.0;0.0;199.0;0.0;0.0;0.0;0.0;0;199.0;0.0;199.0;426;426.0
2025-12-17T05:53:08.393000+00:00;241.0;-0.0;0.0;231.0;0.0;0.0;231.0;0.0;0.0;0.0;0.0;0;231.0;0.0;231.0;426;426.0
2025-12-17T05:58:34.390000+00:00;241.0;-0.0;0.0;386.0;0.0;0.0;386.0;0.0;0.0;0.0;0.0;0;386.0;0.0;386.0;426;426.0
2025-12-17T06:02:34.402000+00:00;241.0;-0.0;0.0;1648.0;0.0;0.0;1648.0;0.0;0.0;0.0;0.0;0;1648.0;0.0;1648.0;426;426.0
2025-12-17T06:08:00.415000+00:00;241.0;-0.0;0.0;1654.0;0.0;0.0;1654.0;0.0;0.0;0.0;0.0;0;1654.0;0.0;1654.0;426;426.0
2025-12-17T06:13:00.403000+00:00;241.0;-0.0;0.0;295.0;0.0;0.0;295.0;0.0;0.0;0.0;0.0;0;295.0;0.0;295.0;426;426.0
2025-12-17T06:18:26.427000+00:00;241.0;-0.0;0.0;354.0;0.0;0.0;354.0;0.0;0.0;0.0;0.0;0;354.0;0.0;354.0;426;426.0
2025-12-17T06:23:26.396000+00:00;241.0;-0.0;0.0;353.0;0.0;0.0;353.0;0.0;0.0;0.0;0.0;0;353.0;0.0;353.0;426;426.0
2025-12-17T06:28:52.418000+00:00;241.0;-0.0;0.0;297.0;0.0;0.0;297.0;0.0;0.0;0.0;0.0;0;297.0;0.0;297.0;426;426.0
2025-12-17T06:32:52.420000+00:00;241.0;-0.0;0.0;265.0;0.0;0.0;265.0;0.0;0.0;0.0;0.0;0;265.0;0.0;265.0;426;426.0
2025-12-17T06:37:52.396000+00:00;241.0;-0.0;0.0;344.0;0.0;0.0;344.0;0.0;0.0;0.0;0.0;0;344.0;0.0;344.0;426;426.0
2025-12-17T06:43:18.393000+00:00;241.0;-0.0;0.0;231.0;0.0;0.0;231.0;0.0;0.0;0.0;0.0;0;231.0;0.0;231.0;426;426.0
2025-12-17T06:48:18.422000+00:00;241.0;-0.0;0.0;249.0;0.0;0.0;249.0;0.0;0.0;0.0;0.0;0;249.0;0.0;249.0;426;426.0
2025-12-17T06:52:44.389000+00:00;241.0;-0.0;0.0;241.0;0.0;0.0;241.0;0.0;0.0;0.0;0.0;0;241.0;0.0;241.0;426;426.0
2025-12-17T06:58:44.394000+00:00;241.0;-0.0;0.0;314.0;0.0;0.0;314.0;0.0;0.0;0.0;0.0;0;314.0;0.0;314.0;426;426.0
2025-12-17T07:03:10.405000+00:00;241.0;-0.0;0.0;320.0;0.0;0.0;320.0;0.0;0.0;0.0;0.0;0;320.0;0.0;320.0;426;426.0
2025-12-17T07:08:10.431000+00:00;241.0;-0.0;0.0;355.0;0.0;0.0;355.0;0.0;0.0;0.0;0.0;0;355.0;0.0;355.0;426;426.0
2025-12-17T07:13:36.416000+00:00;241.0;-0.0;0.0;306.0;0.0;0.0;306.0;0.0;0.0;0.0;0.0;0;306.0;0.0;306.0;426;426.0
2025-12-17T07:18:36.395000+00:00;241.0;-0.0;0.0;2984.0;0.0;0.0;2984.0;0.0;0.0;0.0;0.0;0;2984.0;0.0;2984.0;426;426.0
2025-12-17T07:23:02.454000+00:00;241.0;-0.0;0.0;4832.0;0.0;0.0;4832.0;0.0;0.0;0.0;0.0;0;4832.0;0.0;4832.0;426;426.0
2025-12-17T07:28:02.490000+00:00;241.0;-0.0;0.0;4844.0;0.0;0.0;4844.0;0.0;0.0;0.0;0.0;0;4844.0;0.0;4844.0;426;426.0
2025-12-17T07:33:28.436000+00:00;241.0;-0.0;0.0;2982.0;0.0;0.0;2982.0;0.0;0.0;0.0;0.0;0;2982.0;0.0;2982.0;426;426.0
2025-12-17T07:38:28.399000+00:00;241.0;-0.0;0.0;2951.0;0.0;0.0;2951.0;0.0;0.0;0.0;0.0;0;2951.0;0.0;2951.0;426;426.0
2025-12-17T07:43:54.500000+00:00;241.0;-0.0;0.0;2838.0;0.0;0.0;2838.0;0.0;0.0;0.0;0.0;0;2838.0;0.0;2838.0;426;426.0
2025-12-17T07:48:54.401000+00:00;241.0;-0.0;0.0;2954.0;0.0;0.0;2954.0;0.0;0.0;0.0;0.0;0;2954.0;0.0;2954.0;426;426.0
2025-12-17T07:53:20.458000+00:00;241.0;-0.0;0.0;445.0;0.0;0.0;445.0;0.0;0.0;0.0;0.0;0;445.0;0.0;445.0;426;426.0
2025-12-17T07:58:20.413000+00:00;241.0;-0.0;0.0;427.0;0.0;0.0;427.0;0.0;0.0;0.0;0.0;0;427.0;0.0;427.0;426;426.0
2025-12-17T08:03:46.399000+00:00;241.0;-0.0;0.0;437.0;0.0;0.0;437.0;0.0;0.0;0.0;0.0;0;437.0;0.0;437.0;426;426.0
2025-12-17T08:08:46.402000+00:00;241.0;-0.0;0.0;459.0;0.0;0.0;459.0;0.0;0.0;0.0;0.0;0;459.0;0.0;459.0;426;426.0
2025-12-17T08:14:12.488000+00:00;241.0;-0.0;0.0;285.0;0.0;0.0;285.0;0.0;0.0;0.0;0.0;0;285.0;0.0;285.0;426;426.0
2025-12-17T08:19:12.400000+00:00;241.0;-0.0;0.0;285.0;0.0;73.0;285.0;146.0;146.0;0.0;0.0;0;139.0;146.0;139.0;426;426.0
2025-12-17T08:19:12.409000+00:00;241.0;-0.0;0.0;373.0;0.0;73.0;373.0;146.0;146.0;0.0;0.0;0;227.0;146.0;227.0;426;426.0
2025-12-17T08:19:12.414000+00:00;241.0;-0.0;0.0;373.0;73.0;73.0;373.0;146.0;146.0;0.0;0.0;0;227.0;146.0;227.0;426;426.00008922222224
2025-12-17T08:24:38.419000+00:00;241.0;-0.0;0.0;373.0;73.0;59.0;373.0;118.0;118.0;0.0;0.0;0;255.0;118.0;255.0;426;431.81746733333335
2025-12-17T08:24:38.426000+00:00;268.0;-0.0;0.0;373.0;73.0;59.0;373.0;118.0;118.0;0.0;0.0;0;255.0;118.0;255.0;426;431.8175922444445
2025-12-17T08:24:38.427000+00:00;268.0;-0.0;0.0;236.0;73.0;59.0;236.0;118.0;118.0;0.0;0.0;0;118.0;118.0;118.0;426;431.81761008888896
2025-12-17T08:24:38.440000+00:00;268.0;-0.0;0.0;236.0;59.0;59.0;236.0;118.0;118.0;0.0;0.0;0;118.0;118.0;118.0;426;431.81779757777787
2025-12-17T08:28:38.412000+00:00;268.0;-0.0;0.0;552.0;59.0;59.0;552.0;118.0;118.0;0.0;0.0;0;434.0;118.0;434.0;426;435.27872708888896
2025-12-17T08:34:04.435000+00:00;268.0;-0.0;0.0;552.0;59.0;62.0;552.0;124.0;124.0;0.0;0.0;0;428.0;124.0;428.0;426;439.9807032444445
2025-12-17T08:34:04.503000+00:00;268.0;-0.0;0.0;2354.0;59.0;62.0;2354.0;124.0;124.0;0.0;0.0;0;2230.0;124.0;2230.0;426;439.9816839555556
2025-12-17T08:34:04.516000+00:00;268.0;-0.0;0.0;2354.0;62.0;62.0;2354.0;124.0;124.0;0.0;0.0;0;2230.0;124.0;2230.0;426;439.9818809777778
2025-12-17T08:39:04.391000+00:00;268.0;-0.0;0.0;2354.0;62.0;65.0;2354.0;130.0;130.0;0.0;0.0;0;2224.0;130.0;2224.0;426;444.5266532
2025-12-17T08:39:04.400000+00:00;268.0;-0.0;0.0;304.0;62.0;65.0;304.0;130.0;130.0;0.0;0.0;0;174.0;130.0;174.0;426;444.5267896
2025-12-17T08:39:04.404000+00:00;268.0;-0.0;0.0;304.0;65.0;65.0;304.0;130.0;130.0;0.0;0.0;0;174.0;130.0;174.0;426;444.5268531555555
2025-12-17T08:44:30.428000+00:00;268.0;-0.0;0.0;304.0;65.0;60.0;304.0;120.0;120.0;0.0;0.0;0;184.0;120.0;184.0;426;449.7070122666666
2025-12-17T08:44:30.436000+00:00;268.0;-0.0;0.0;465.0;65.0;60.0;465.0;120.0;120.0;0.0;0.0;0;345.0;120.0;345.0;426;449.7071393777777
2025-12-17T08:44:30.447000+00:00;268.0;-0.0;0.0;465.0;60.0;60.0;465.0;120.0;120.0;0.0;0.0;0;345.0;120.0;345.0;426;449.70730071111103
2025-12-17T08:48:30.420000+00:00;268.0;-0.0;0.0;465.0;60.0;64.0;465.0;128.0;128.0;0.0;0.0;0;337.0;128.0;337.0;426;453.22690471111105
2025-12-17T08:48:30.428000+00:00;268.0;-0.0;0.0;329.0;60.0;64.0;329.0;128.0;128.0;0.0;0.0;0;201.0;128.0;201.0;426;453.22702204444437
2025-12-17T08:48:30.435000+00:00;268.0;-0.0;0.0;329.0;64.0;64.0;329.0;128.0;128.0;0.0;0.0;0;201.0;128.0;201.0;426;453.2271315555555
2025-12-17T08:54:56.438000+00:00;268.0;-0.0;0.0;329.0;64.0;80.0;329.0;160.0;160.0;0.0;0.0;0;169.0;160.0;169.0;426;459.2659340444444
2025-12-17T08:54:56.445000+00:00;268.0;-0.0;0.0;266.0;64.0;80.0;266.0;160.0;160.0;0.0;0.0;0;106.0;160.0;106.0;426;459.26604355555554
2025-12-17T08:54:56.459000+00:00;268.0;-0.0;0.0;266.0;80.0;80.0;266.0;160.0;160.0;0.0;0.0;0;106.0;160.0;106.0;426;459.2663173333333
2025-12-17T08:58:57.466000+00:00;268.0;-0.0;0.0;266.0;80.0;95.0;266.0;190.0;190.0;0.0;0.0;0;76.0;190.0;76.0;426;463.97934311111106
2025-12-17T08:58:57.474000+00:00;295.0;-0.0;0.0;266.0;80.0;95.0;266.0;190.0;190.0;0.0;0.0;0;76.0;190.0;76.0;426;463.9794995555555
2025-12-17T08:58:57.475000+00:00;295.0;-0.0;0.0;255.0;80.0;95.0;255.0;190.0;190.0;0.0;0.0;0;65.0;190.0;65.0;426;463.9795191111111
2025-12-17T08:58:57.480000+00:00;295.0;-0.0;0.0;255.0;95.0;95.0;255.0;190.0;190.0;0.0;0.0;0;65.0;190.0;65.0;426;463.97963522222216
2025-12-17T09:03:57.395000+00:00;295.0;-0.0;0.0;255.0;95.0;118.0;255.0;236.0;236.0;0.0;0.0;0;19.0;236.0;19.0;426;470.9443279999999
2025-12-17T09:03:57.404000+00:00;295.0;-0.0;0.0;361.0;95.0;118.0;361.0;236.0;236.0;0.0;0.0;0;125.0;236.0;125.0;426;470.9445369999999
2025-12-17T09:03:57.409000+00:00;295.0;-0.0;0.0;361.0;118.0;118.0;361.0;236.0;236.0;0.0;0.0;0;125.0;236.0;125.0;426;470.94468122222213
2025-12-17T09:09:23.401000+00:00;295.0;-0.0;0.0;361.0;118.0;102.0;361.0;204.0;204.0;0.0;0.0;0;157.0;204.0;157.0;426;480.34773935555546
2025-12-17T09:09:23.410000+00:00;295.0;-0.0;0.0;527.0;118.0;102.0;527.0;204.0;204.0;0.0;0.0;0;323.0;204.0;323.0;426;480.34799895555545
2025-12-17T09:09:23.419000+00:00;295.0;-0.0;0.0;527.0;102.0;102.0;527.0;204.0;204.0;0.0;0.0;0;323.0;204.0;323.0;426;480.34822335555543
2025-12-17T09:14:23.400000+00:00;295.0;-0.0;0.0;527.0;102.0;168.0;527.0;336.0;336.0;0.0;0.0;0;191.0;336.0;191.0;426;487.8277496222221
2025-12-17T09:14:23.409000+00:00;322.0;-0.0;0.0;527.0;102.0;168.0;527.0;336.0;336.0;0.0;0.0;0;191.0;336.0;191.0;426;487.82797402222207
2025-12-17T09:14:23.410000+00:00;322.0;-0.0;0.0;249.0;102.0;168.0;249.0;336.0;249.0;87.0;0;0.0;0.0;249.0;0.0;426.0000212666667;487.8279989555554
2025-12-17T09:14:23.414000+00:00;322.0;-0.0;0.0;249.0;168.0;168.0;249.0;336.0;249.0;87.0;0;0.0;0.0;249.0;0.0;426.00010633333335;487.8281632222221
2025-12-17T09:18:49.413000+00:00;322.0;-0.0;0.0;249.0;168.0;179.0;249.0;358.0;249.0;109.0;0;0.0;0.0;249.0;0.0;433.08750191111113;498.75185548888874
2025-12-17T09:18:49.422000+00:00;322.0;-0.0;0.0;271.0;168.0;179.0;271.0;358.0;271.0;87.0;0;0.0;0.0;271.0;0.0;433.08769331111114;498.75222508888874
2025-12-17T09:18:49.427000+00:00;322.0;-0.0;0.0;271.0;179.0;179.0;271.0;358.0;271.0;87.0;0;0.0;0.0;271.0;0.0;433.0877996444445;498.7524438666665
2025-12-17T09:23:49.401000+00:00;322.0;-0.0;0.0;271.0;179.0;178.0;271.0;356.0;271.0;85.0;0;0.0;0.0;271.0;0.0;439.3205927555556;511.87797288888873
2025-12-17T09:23:49.409000+00:00;322.0;-0.0;281.0;271.0;179.0;178.0;552.0;356.0;356.0;0.0;0;196.0;196.0;552.0;0.0;439.3200196561404;511.87832293333315
2025-12-17T09:23:49.411000+00:00;322.0;-0.0;281.0;0.0;179.0;178.0;281.0;356.0;281.0;75.0;0;0.0;0.0;281.0;0.0;439.3200563228071;511.8784104444443
2025-12-17T09:23:49.418000+00:00;322.0;-0.0;281.0;0.0;0.0;178.0;281.0;356.0;281.0;75.0;0;0.0;0.0;281.0;0.0;439.32018465614044;511.8784104444443
2025-12-17T09:23:49.419000+00:00;322.0;103.0;281.0;0.0;0.0;178.0;281.0;356.0;281.0;75.0;0;0.0;0.0;281.0;0.0;439.3202029894738;511.87837279824544
2025-12-17T09:29:15.395000+00:00;322.0;103.0;281.0;0.0;0.0;250.0;281.0;500.0;281.0;219.0;0;0.0;0.0;281.0;0.0;456.77078485614044;499.60661548830393
2025-12-17T09:29:15.403000+00:00;322.0;103.0;280.0;0.0;0.0;250.0;280.0;500.0;280.0;220.0;0;0.0;0.0;280.0;0.0;456.7712150783627;499.60631431871326
2025-12-17T09:29:15.404000+00:00;295.0;103.0;280.0;0.0;0.0;250.0;280.0;500.0;280.0;220.0;0;0.0;0.0;280.0;0.0;456.77126885614047;499.6062766725144
2025-12-17T09:29:15.406000+00:00;295.0;103.0;280.0;9.0;0.0;250.0;289.0;500.0;289.0;211.0;0;0.0;0.0;289.0;0.0;456.77137201169603;499.6062013801168
2025-12-17T09:29:15.410000+00:00;295.0;30.0;280.0;9.0;0.0;250.0;289.0;500.0;289.0;211.0;0;0.0;0.0;289.0;0.0;456.77157832280716;499.60615376106915
2025-12-17T09:34:15.419000+00:00;295.0;30.0;280.0;9.0;0.0;216.0;289.0;432.0;289.0;143.0;0;0.0;0.0;289.0;0.0;467.2585595894738;496.03461804678346
2025-12-17T09:34:15.427000+00:00;295.0;30.0;277.0;9.0;0.0;216.0;286.0;432.0;286.0;146.0;0;0.0;0.0;286.0;0.0;467.2588451005849;496.0345228086882
2025-12-17T09:34:15.429000+00:00;295.0;30.0;277.0;0.0;0.0;216.0;277.0;432.0;277.0;155.0;0;0.0;0.0;277.0;0.0;467.2589208783627;496.03449899916444
2025-12-17T09:34:15.434000+00:00;295.0;61.0;277.0;0.0;0.0;216.0;277.0;432.0;277.0;155.0;0;0.0;0.0;277.0;0.0;467.25911032280715;496.03437796741844
2025-12-17T09:39:41.396000+00:00;295.0;61.0;277.0;0.0;0.0;206.0;277.0;412.0;277.0;135.0;0;0.0;0.0;277.0;0.0;478.01585632280717;488.1440279674184
2025-12-17T09:39:41.404000+00:00;295.0;61.0;206.0;0.0;0.0;206.0;206.0;412.0;206.0;206.0;0;0.0;0.0;206.0;0.0;478.01625916725163;488.14383431662475
2025-12-17T09:39:41.405000+00:00;268.0;61.0;206.0;0.0;0.0;206.0;206.0;412.0;206.0;206.0;0;0.0;0.0;206.0;0.0;478.0163095228072;488.1438101102755
2025-12-17T09:39:41.406000+00:00;268.0;61.0;206.0;70.0;0.0;206.0;276.0;412.0;276.0;136.0;0;0.0;0.0;276.0;0.0;478.0163427672517;488.1437859039263
2025-12-17T09:39:41.411000+00:00;268.0;-0.0;206.0;70.0;0.0;206.0;276.0;412.0;276.0;136.0;0;0.0;0.0;276.0;0.0;478.0165089894739;488.1437859039263
2025-12-17T09:44:41.422000+00:00;268.0;-0.0;206.0;70.0;0.0;257.0;276.0;514.0;276.0;238.0;0;0.0;0.0;276.0;0.0;495.4704822783628;488.1437859039263
2025-12-17T09:44:41.432000+00:00;268.0;-0.0;258.0;70.0;0.0;257.0;328.0;514.0;328.0;186.0;0;0.0;0.0;328.0;0.0;495.47093694502945;488.1437859039263
2025-12-17T09:44:41.437000+00:00;295.0;-0.0;258.0;70.0;0.0;257.0;328.0;514.0;328.0;186.0;0;0.0;0.0;328.0;0.0;495.4711642783628;488.1437859039263
2025-12-17T09:44:41.439000+00:00;295.0;-0.0;258.0;0.0;0.0;257.0;258.0;514.0;258.0;256.0;0;0.0;0.0;258.0;0.0;495.47128943391834;488.1437859039263
2025-12-17T09:44:41.447000+00:00;295.0;1.0;258.0;0.0;0.0;257.0;258.0;514.0;258.0;256.0;0;0.0;0.0;258.0;0.0;495.47179005614055;488.1437827293231
2025-12-17T09:49:07.443000+00:00;295.0;1.0;258.0;0.0;0.0;301.0;258.0;602.0;258.0;344.0;0;0.0;0.0;258.0;0.0;517.8390981450294;488.03822876106915
2025-12-17T09:49:07.451000+00:00;295.0;1.0;263.0;0.0;0.0;301.0;263.0;602.0;263.0;339.0;0;0.0;0.0;263.0;0.0;517.8397610783628;488.03822558646596
2025-12-17T09:49:07.461000+00:00;295.0;1.0;263.0;0.0;38.0;301.0;263.0;602.0;263.0;339.0;0;0.0;0.0;263.0;0.0;517.8405897450294;488.0383145071009
2025-12-17T09:49:07.462000+00:00;295.0;0.0;263.0;0.0;38.0;301.0;263.0;602.0;263.0;339.0;0;0.0;0.0;263.0;0.0;517.840672611696;488.03832379598975
2025-12-17T09:51:07.398000+00:00;295.0;0.0;263.0;0.0;38.0;656.0;263.0;1312.0;263.0;1049.0;0;0.0;0.0;263.0;0.0;548.5949282561405;489.1523959737675
2025-12-17T09:51:07.405000+00:00;295.0;0.0;234.0;0.0;38.0;656.0;234.0;1312.0;234.0;1078.0;0;0.0;0.0;234.0;0.0;548.5967728339183;489.1524609959897
2025-12-17T09:51:07.407000+00:00;295.0;0.0;234.0;2.0;38.0;656.0;236.0;1312.0;236.0;1076.0;0;0.0;0.0;236.0;0.0;548.5972988783627;489.1524795737675
2025-12-17T09:51:07.412000+00:00;295.0;0.0;234.0;2.0;422.0;656.0;236.0;1312.0;236.0;1076.0;0;0.0;0.0;236.0;0.0;548.5986139894738;489.15299535154526
2025-12-17T09:52:07.417000+00:00;295.0;0.0;234.0;2.0;422.0;403.0;236.0;806.0;236.0;570.0;0;0.0;0.0;236.0;0.0;556.9593106561405;495.3428444626564
2025-12-17T09:52:07.425000+00:00;295.0;0.0;274.0;2.0;422.0;403.0;276.0;806.0;276.0;530.0;0;0.0;0.0;276.0;0.0;556.960347100585;495.34366970710084
2025-12-17T09:52:07.426000+00:00;322.0;0.0;274.0;2.0;422.0;403.0;276.0;806.0;276.0;530.0;0;0.0;0.0;276.0;0.0;556.9604766561405;495.3437728626564
2025-12-17T09:52:07.427000+00:00;322.0;0.0;274.0;0.0;422.0;403.0;274.0;806.0;274.0;532.0;0;0.0;0.0;274.0;0.0;556.9606067005849;495.343876018212
2025-12-17T09:52:07.436000+00:00;322.0;0.0;274.0;0.0;129.0;403.0;274.0;806.0;274.0;532.0;0;0.0;0.0;274.0;0.0;556.9617771005849;495.34415981821195
2025-12-17T09:53:07.394000+00:00;322.0;0.0;274.0;0.0;129.0;388.0;274.0;776.0;274.0;502.0;0;0.0;0.0;274.0;0.0;564.3192899005849;497.23483541821196
2025-12-17T09:53:07.402000+00:00;322.0;0.0;195.0;0.0;129.0;388.0;195.0;776.0;195.0;581.0;0;0.0;0.0;195.0;0.0;564.3204260783626;497.23508768487864
2025-12-17T09:53:07.410000+00:00;322.0;0.0;195.0;0.0;193.0;388.0;195.0;776.0;195.0;581.0;0;0.0;0.0;195.0;0.0;564.3215622561404;497.2354651071009
2025-12-17T09:54:07.427000+00:00;322.0;0.0;195.0;0.0;193.0;354.0;195.0;708.0;195.0;513.0;0;0.0;0.0;195.0;0.0;571.8476940561404;500.06693379598977
2025-12-17T09:54:07.429000+00:00;322.0;0.0;207.0;0.0;193.0;354.0;207.0;708.0;207.0;501.0;0;0.0;0.0;207.0;0.0;571.8479389894737;500.06702815154534
2025-12-17T09:54:07.441000+00:00;322.0;0.0;207.0;0.0;147.0;354.0;207.0;708.0;207.0;501.0;0;0.0;0.0;207.0;0.0;571.8494085894737;500.0674593515453
2025-12-17T09:55:07.406000+00:00;322.0;0.0;207.0;0.0;147.0;338.0;207.0;676.0;207.0;469.0;0;0.0;0.0;207.0;0.0;578.7240627005848;502.22220168487866
2025-12-17T09:55:07.409000+00:00;322.0;0.0;198.0;0.0;147.0;338.0;198.0;676.0;198.0;478.0;0;0.0;0.0;198.0;0.0;578.7244132339181;502.2223094848787
2025-12-17T09:55:07.415000+00:00;322.0;0.0;198.0;0.0;140.0;338.0;198.0;676.0;198.0;478.0;0;0.0;0.0;198.0;0.0;578.7251143005848;502.222514818212
2025-12-17T09:56:07.412000+00:00;322.0;0.0;198.0;0.0;140.0;333.0;198.0;666.0;198.0;468.0;0;0.0;0.0;198.0;0.0;585.5887711005847;504.27574548487866
2025-12-17T09:56:07.414000+00:00;322.0;0.0;199.0;0.0;140.0;333.0;199.0;666.0;199.0;467.0;0;0.0;0.0;199.0;0.0;585.5889994116958;504.2758139293231
2025-12-17T09:56:07.428000+00:00;322.0;0.0;199.0;0.0;134.0;333.0;199.0;666.0;199.0;467.0;0;0.0;0.0;199.0;0.0;585.5905975894735;504.2762725071009
2025-12-17T09:57:33.435000+00:00;322.0;0.0;199.0;0.0;134.0;343.0;199.0;686.0;199.0;487.0;0;0.0;0.0;199.0;0.0;595.8292531228069;507.0934795737675
2025-12-17T09:57:33.445000+00:00;322.0;0.0;243.0;0.0;134.0;343.0;243.0;686.0;243.0;443.0;0;0.0;0.0;243.0;0.0;595.8303360116957;507.09380712932307
2025-12-17T09:57:33.465000+00:00;322.0;0.0;243.0;0.0;100.0;343.0;243.0;686.0;243.0;443.0;0;0.0;0.0;243.0;0.0;595.8325017894736;507.09429601821194
2025-12-17T09:58:33.396000+00:00;322.0;0.0;243.0;0.0;100.0;425.0;243.0;850.0;243.0;607.0;0;0.0;0.0;243.0;0.0;604.7249303894736;508.55927601821196
2025-12-17T09:58:33.399000+00:00;322.0;0.0;259.0;0.0;100.0;425.0;259.0;850.0;259.0;591.0;0;0.0;0.0;259.0;0.0;604.7253637894736;508.5593493515453
2025-12-17T09:58:33.416000+00:00;322.0;0.0;259.0;0.0;166.0;425.0;259.0;850.0;259.0;591.0;0;0.0;0.0;259.0;0.0;604.7278197228069;508.5600391737675
2025-12-17T09:59:33.627000+00:00;322.0;0.0;259.0;0.0;166.0;384.0;259.0;768.0;259.0;509.0;0;0.0;0.0;259.0;0.0;612.2194061450291;511.0032677515453
2025-12-17T09:59:33.635000+00:00;322.0;0.0;182.0;0.0;166.0;384.0;182.0;768.0;182.0;586.0;0;0.0;0.0;182.0;0.0;612.2205521005847;511.0035923737675
2025-12-17T09:59:33.646000+00:00;322.0;0.0;182.0;0.0;202.0;384.0;182.0;768.0;182.0;586.0;0;0.0;0.0;182.0;0.0;612.2221277894736;511.00413552932304
2025-12-17T10:00:34.441000+00:00;322.0;0.0;182.0;0.0;202.0;364.0;182.0;728.0;182.0;546.0;0;0.0;0.0;182.0;0.0;620.3362337894736;514.006057529323
2025-12-17T10:00:34.443000+00:00;322.0;0.0;185.0;0.0;202.0;364.0;185.0;728.0;185.0;543.0;0;0.0;0.0;185.0;0.0;620.3364992561402;514.0061562848786
2025-12-17T10:00:34.455000+00:00;322.0;0.0;185.0;0.0;179.0;364.0;185.0;728.0;185.0;543.0;0;0.0;0.0;185.0;0.0;620.3380920561402;514.0066813515452
2025-12-17T10:01:34.384000+00:00;322.0;0.0;185.0;0.0;179.0;441.0;185.0;882.0;185.0;697.0;0;0.0;0.0;185.0;0.0;630.5486619005846;516.6289080404341
2025-12-17T10:01:34.398000+00:00;322.0;0.0;185.0;0.0;256.0;441.0;185.0;882.0;185.0;697.0;0;0.0;0.0;185.0;0.0;630.5510471894736;516.629784129323
2025-12-17T10:02:34.400000+00:00;322.0;0.0;185.0;0.0;256.0;643.0;185.0;1286.0;185.0;1101.0;0;0.0;0.0;185.0;0.0;646.6995854561403;520.3845759515452
2025-12-17T10:02:34.408000+00:00;349.0;0.0;185.0;0.0;256.0;643.0;185.0;1286.0;185.0;1101.0;0;0.0;0.0;185.0;0.0;646.701738522807;520.3850765737675
2025-12-17T10:02:34.413000+00:00;349.0;0.0;185.0;0.0;458.0;643.0;185.0;1286.0;185.0;1101.0;0;0.0;0.0;185.0;0.0;646.7030841894737;520.3856363515453
2025-12-17T10:03:34.423000+00:00;349.0;0.0;185.0;0.0;458.0;693.0;185.0;1386.0;185.0;1201.0;0;0.0;0.0;185.0;0.0;664.3206866339181;527.1040892404342
2025-12-17T10:03:34.431000+00:00;349.0;0.0;184.0;0.0;458.0;693.0;184.0;1386.0;184.0;1202.0;0;0.0;0.0;184.0;0.0;664.3230372116958;527.1049848848786
2025-12-17T10:03:34.437000+00:00;349.0;0.0;184.0;0.0;509.0;693.0;184.0;1386.0;184.0;1202.0;0;0.0;0.0;184.0;0.0;664.3248001450291;527.1057314182119
2025-12-17T10:04:34.404000+00:00;349.0;0.0;184.0;0.0;509.0;339.0;184.0;678.0;184.0;494.0;0;0.0;0.0;184.0;0.0;671.5661485450291;534.5669588182119
2025-12-17T10:04:34.418000+00:00;349.0;0.0;184.0;0.0;155.0;339.0;184.0;678.0;184.0;494.0;0;0.0;0.0;184.0;0.0;671.567839122807;534.5674892626563
2025-12-17T10:10:01.499000+00:00;349.0;0.0;184.0;0.0;155.0;348.0;184.0;696.0;184.0;512.0;0;0.0;0.0;184.0;0.0;712.5038433894737;546.960224929323
2025-12-17T10:10:01.507000+00:00;349.0;0.0;182.0;0.0;155.0;348.0;182.0;696.0;182.0;514.0;0;0.0;0.0;182.0;0.0;712.5048485450292;546.960528040434
2025-12-17T10:10:01.509000+00:00;349.0;0.0;182.0;36.0;155.0;348.0;218.0;696.0;218.0;478.0;0;0.0;0.0;218.0;0.0;712.5050822339181;546.9606038182118
2025-12-17T10:10:01.513000+00:00;349.0;0.0;182.0;36.0;166.0;348.0;218.0;696.0;218.0;478.0;0;0.0;0.0;218.0;0.0;712.5055496116959;546.9607661293229
2025-12-17T10:15:01.421000+00:00;349.0;0.0;182.0;36.0;166.0;805.0;218.0;1610.0;218.0;1392.0;0;0.0;0.0;218.0;0.0;814.5542450783626;559.1303663071006
2025-12-17T10:15:01.429000+00:00;349.0;0.0;203.0;36.0;166.0;805.0;239.0;1610.0;239.0;1371.0;0;0.0;0.0;239.0;0.0;814.5569261450293;559.1306909293229
2025-12-17T10:15:01.430000+00:00;403.0;0.0;203.0;36.0;166.0;805.0;239.0;1610.0;239.0;1371.0;0;0.0;0.0;239.0;0.0;814.5572612783626;559.1307315071007
2025-12-17T10:15:01.431000+00:00;403.0;0.0;203.0;0.0;166.0;805.0;203.0;1610.0;203.0;1407.0;0;0.0;0.0;203.0;0.0;814.5576052116959;559.1307720848785
2025-12-17T10:15:01.436000+00:00;403.0;0.0;203.0;0.0;602.0;805.0;203.0;1610.0;203.0;1407.0;0;0.0;0.0;203.0;0.0;814.5593248783625;559.1315078626562
2025-12-17T10:19:29.411000+00:00;403.0;0.0;203.0;0.0;602.0;748.0;203.0;1496.0;203.0;1293.0;0;0.0;0.0;203.0;0.0;899.2572898783625;598.5655178626563
2025-12-17T10:19:29.414000+00:00;430.0;0.0;203.0;0.0;602.0;748.0;203.0;1496.0;203.0;1293.0;0;0.0;0.0;203.0;0.0;899.2582380783625;598.5659593293229
2025-12-17T10:19:29.430000+00:00;430.0;0.0;203.0;0.0;545.0;748.0;203.0;1496.0;203.0;1293.0;0;0.0;0.0;203.0;0.0;899.2632951450292;598.5680908848785
2025-12-17T10:24:29.402000+00:00;430.0;0.0;203.0;0.0;545.0;757.0;203.0;1514.0;203.0;1311.0;0;0.0;0.0;203.0;0.0;995.3943220783626;638.531027329323
2025-12-17T10:24:29.410000+00:00;430.0;0.0;198.0;0.0;545.0;757.0;198.0;1514.0;198.0;1316.0;0;0.0;0.0;198.0;0.0;995.3968955894737;638.5320931071008
2025-12-17T10:24:29.411000+00:00;483.0;0.0;198.0;0.0;545.0;757.0;198.0;1514.0;198.0;1316.0;0;0.0;0.0;198.0;0.0;995.3972172783626;638.532226329323
2025-12-17T10:24:29.422000+00:00;483.0;0.0;198.0;0.0;559.0;757.0;198.0;1514.0;198.0;1316.0;0;0.0;0.0;198.0;0.0;995.4007558561404;638.5337294182118
2025-12-17T10:29:57.401000+00:00;483.0;0.0;198.0;0.0;559.0;745.0;198.0;1490.0;198.0;1292.0;0;0.0;0.0;198.0;0.0;1098.9838124783628;683.3502376626562
2025-12-17T10:29:57.403000+00:00;483.0;0.0;197.0;0.0;559.0;745.0;197.0;1490.0;197.0;1293.0;0;0.0;0.0;197.0;0.0;1098.984444611696;683.3505109515452
2025-12-17T10:29:57.409000+00:00;510.0;0.0;197.0;0.0;559.0;745.0;197.0;1490.0;197.0;1293.0;0;0.0;0.0;197.0;0.0;1098.9863410116961;683.3513308182119
2025-12-17T10:29:57.423000+00:00;510.0;0.0;197.0;0.0;548.0;745.0;197.0;1490.0;197.0;1293.0;0;0.0;0.0;197.0;0.0;1098.9907659450296;683.3532061959896
2025-12-17T10:34:57.468000+00:00;510.0;0.0;197.0;0.0;548.0;752.0;197.0;1504.0;197.0;1307.0;0;0.0;0.0;197.0;0.0;1194.8518096116964;723.5459008626563
2025-12-17T10:34:57.476000+00:00;510.0;0.0;195.0;0.0;548.0;752.0;195.0;1504.0;195.0;1309.0;0;0.0;0.0;195.0;0.0;1194.8543694339185;723.5469725071007
2025-12-17T10:34:57.477000+00:00;564.0;0.0;195.0;0.0;548.0;752.0;195.0;1504.0;195.0;1309.0;0;0.0;0.0;195.0;0.0;1194.8546894116962;723.5471064626563
2025-12-17T10:34:57.482000+00:00;564.0;0.0;195.0;0.0;557.0;752.0;195.0;1504.0;195.0;1309.0;0;0.0;0.0;195.0;0.0;1194.856289300585;723.5477872404341
2025-12-17T10:40:24.410000+00:00;564.0;0.0;195.0;0.0;557.0;753.0;195.0;1506.0;195.0;1311.0;0;0.0;0.0;195.0;0.0;1299.625815700585;768.0608507071008
2025-12-17T10:40:24.412000+00:00;564.0;0.0;174.0;0.0;557.0;753.0;174.0;1506.0;174.0;1332.0;0;0.0;0.0;174.0;0.0;1299.626466900585;768.0611230182119
2025-12-17T10:40:24.418000+00:00;591.0;0.0;174.0;0.0;557.0;753.0;174.0;1506.0;174.0;1332.0;0;0.0;0.0;174.0;0.0;1299.628420500585;768.0619399515452
2025-12-17T10:40:24.430000+00:00;591.0;0.0;174.0;0.0;579.0;753.0;174.0;1506.0;174.0;1332.0;0;0.0;0.0;174.0;0.0;1299.632327700585;768.0636383515453
2025-12-17T10:44:24.444000+00:00;591.0;0.0;174.0;0.0;579.0;761.0;174.0;1522.0;174.0;1348.0;0;0.0;0.0;174.0;0.0;1378.719607522807;802.033619818212
2025-12-17T10:44:24.452000+00:00;591.0;0.0;177.0;0.0;579.0;761.0;177.0;1522.0;177.0;1345.0;0;0.0;0.0;177.0;0.0;1378.7222377450294;802.0347520848786
2025-12-17T10:44:24.453000+00:00;645.0;0.0;177.0;0.0;579.0;761.0;177.0;1522.0;177.0;1345.0;0;0.0;0.0;177.0;0.0;1378.722566522807;802.034893618212
2025-12-17T10:44:24.458000+00:00;645.0;0.0;177.0;0.0;584.0;761.0;177.0;1522.0;177.0;1345.0;0;0.0;0.0;177.0;0.0;1378.7242104116958;802.0356073959898
2025-12-17T10:47:26.500000+00:00;645.0;0.0;177.0;0.0;584.0;763.0;177.0;1526.0;177.0;1349.0;0;0.0;0.0;177.0;0.0;1438.7535712561403;828.0231142404342
2025-12-17T10:47:26.507000+00:00;645.0;0.0;175.0;0.0;584.0;763.0;175.0;1526.0;175.0;1351.0;0;0.0;0.0;175.0;0.0;1438.7558829672514;828.0241135293231
2025-12-17T10:47:26.508000+00:00;672.0;0.0;175.0;0.0;584.0;763.0;175.0;1526.0;175.0;1351.0;0;0.0;0.0;175.0;0.0;1438.756213211696;828.0242562848787
2025-12-17T10:47:26.514000+00:00;672.0;0.0;175.0;0.0;588.0;763.0;175.0;1526.0;175.0;1351.0;0;0.0;0.0;175.0;0.0;1438.7581946783625;828.0251186848786
2025-12-17T10:48:26.397000+00:00;672.0;0.0;178.0;0.0;588.0;763.0;178.0;1526.0;178.0;1348.0;0;0.0;0.0;178.0;0.0;1458.4903085450292;836.6323018848786
2025-12-17T10:48:26.398000+00:00;698.0;0.0;178.0;0.0;588.0;763.0;178.0;1526.0;178.0;1348.0;0;0.0;0.0;178.0;0.0;1458.4906380561404;836.6324456182119
2025-12-17T10:48:26.404000+00:00;698.0;0.0;178.0;0.0;585.0;763.0;178.0;1526.0;178.0;1348.0;0;0.0;0.0;178.0;0.0;1458.4926151228071;836.6333036182119
2025-12-17T10:49:52.428000+00:00;698.0;0.0;178.0;0.0;585.0;764.0;178.0;1528.0;178.0;1350.0;0;0.0;0.0;178.0;0.0;1486.880535122807;848.9347356182119
2025-12-17T10:49:52.430000+00:00;698.0;0.0;177.0;0.0;585.0;764.0;177.0;1528.0;177.0;1351.0;0;0.0;0.0;177.0;0.0;1486.8811956116958;848.9350216182119
2025-12-17T10:49:52.471000+00:00;698.0;0.0;177.0;0.0;587.0;764.0;177.0;1528.0;177.0;1351.0;0;0.0;0.0;177.0;0.0;1486.8947356339181;848.9409046626563
2025-12-17T10:50:52.391000+00:00;698.0;0.0;177.0;0.0;587.0;768.0;177.0;1536.0;177.0;1359.0;0;0.0;0.0;177.0;0.0;1506.8001596339182;857.5387588848785
2025-12-17T10:50:52.393000+00:00;698.0;0.0;195.0;0.0;587.0;768.0;195.0;1536.0;195.0;1341.0;0;0.0;0.0;195.0;0.0;1506.8008152339182;857.5390458626563
2025-12-17T10:50:52.410000+00:00;698.0;0.0;195.0;0.0;573.0;768.0;195.0;1536.0;195.0;1341.0;0;0.0;0.0;195.0;0.0;1506.8063878339183;857.5414269959896
2025-12-17T10:51:52.392000+00:00;698.0;0.0;195.0;0.0;573.0;770.0;195.0;1540.0;195.0;1345.0;0;0.0;0.0;195.0;0.0;1526.527136500585;865.9429057959895
2025-12-17T10:51:52.399000+00:00;698.0;0.0;193.0;0.0;573.0;770.0;193.0;1540.0;193.0;1347.0;0;0.0;0.0;193.0;0.0;1526.5294413672516;865.9438862626562
2025-12-17T10:51:52.401000+00:00;725.0;0.0;193.0;0.0;573.0;770.0;193.0;1540.0;193.0;1347.0;0;0.0;0.0;193.0;0.0;1526.530099900585;865.9441663959896
2025-12-17T10:51:52.424000+00:00;725.0;0.0;193.0;0.0;577.0;770.0;193.0;1540.0;193.0;1347.0;0;0.0;0.0;193.0;0.0;1526.5376730339183;865.9474104182118
2025-12-17T10:52:52.398000+00:00;725.0;0.0;193.0;0.0;577.0;771.0;193.0;1542.0;193.0;1349.0;0;0.0;0.0;193.0;0.0;1546.3144327228072;874.4064099293229
2025-12-17T10:52:52.405000+00:00;725.0;0.0;198.0;0.0;577.0;771.0;198.0;1542.0;198.0;1344.0;0;0.0;0.0;198.0;0.0;1546.3167324561405;874.407397240434
2025-12-17T10:52:52.412000+00:00;725.0;0.0;198.0;0.0;573.0;771.0;198.0;1542.0;198.0;1344.0;0;0.0;0.0;198.0;0.0;1546.3190321894738;874.4083777071006
2025-12-17T10:54:52.397000+00:00;725.0;0.0;198.0;0.0;573.0;762.0;198.0;1524.0;198.0;1326.0;0;0.0;0.0;198.0;0.0;1585.2101701894737;891.2142767071006
2025-12-17T10:54:52.405000+00:00;725.0;0.0;197.0;0.0;573.0;762.0;197.0;1524.0;197.0;1327.0;0;0.0;0.0;197.0;0.0;1585.212765211696;891.2153972404338
2025-12-17T10:54:52.412000+00:00;725.0;0.0;197.0;0.0;565.0;762.0;197.0;1524.0;197.0;1327.0;0;0.0;0.0;197.0;0.0;1585.2150358561405;891.2163640182116
2025-12-17T11:00:18.415000+00:00;725.0;0.0;197.0;0.0;565.0;770.0;197.0;1540.0;197.0;1343.0;0;0.0;0.0;197.0;0.0;1692.238198500585;936.2410005737671
2025-12-17T11:00:18.418000+00:00;725.0;0.0;196.0;0.0;565.0;770.0;196.0;1540.0;196.0;1344.0;0;0.0;0.0;196.0;0.0;1692.239184100585;936.2414149071004
2025-12-17T11:00:18.424000+00:00;779.0;0.0;196.0;0.0;565.0;770.0;196.0;1540.0;196.0;1344.0;0;0.0;0.0;196.0;0.0;1692.241155300585;936.242243573767
2025-12-17T11:00:18.436000+00:00;779.0;0.0;196.0;0.0;574.0;770.0;196.0;1540.0;196.0;1344.0;0;0.0;0.0;196.0;0.0;1692.245097700585;936.2439273071004
2025-12-17T11:05:18.414000+00:00;779.0;0.0;196.0;0.0;574.0;759.0;196.0;1518.0;196.0;1322.0;0;0.0;0.0;196.0;0.0;1789.1846549450293;978.3341737959893
2025-12-17T11:05:18.422000+00:00;779.0;0.0;197.0;0.0;574.0;759.0;197.0;1518.0;197.0;1321.0;0;0.0;0.0;197.0;0.0;1789.1872382339182;978.3352962848782
2025-12-17T11:05:18.423000+00:00;833.0;0.0;197.0;0.0;574.0;759.0;197.0;1518.0;197.0;1321.0;0;0.0;0.0;197.0;0.0;1789.1875611450293;978.3354365959892
2025-12-17T11:05:18.429000+00:00;833.0;0.0;197.0;0.0;562.0;759.0;197.0;1518.0;197.0;1321.0;0;0.0;0.0;197.0;0.0;1789.189498611696;978.3362608626559
2025-12-17T11:10:44.429000+00:00;833.0;0.0;197.0;0.0;562.0;766.0;197.0;1532.0;197.0;1335.0;0;0.0;0.0;197.0;0.0;1895.5741652783627;1023.1214164182114
2025-12-17T11:10:44.431000+00:00;833.0;0.0;198.0;0.0;562.0;766.0;198.0;1532.0;198.0;1334.0;0;0.0;0.0;198.0;0.0;1895.5748174561404;1023.121691173767
2025-12-17T11:10:44.438000+00:00;860.0;0.0;198.0;0.0;562.0;766.0;198.0;1532.0;198.0;1334.0;0;0.0;0.0;198.0;0.0;1895.5771000783627;1023.1226528182115
2025-12-17T11:10:44.450000+00:00;860.0;0.0;198.0;0.0;568.0;766.0;198.0;1532.0;198.0;1334.0;0;0.0;0.0;198.0;0.0;1895.5810131450294;1023.1243189515448
2025-12-17T11:14:44.419000+00:00;860.0;0.0;198.0;0.0;568.0;765.0;198.0;1530.0;198.0;1332.0;0;0.0;0.0;198.0;0.0;1973.7149195450293;1056.4426814404337
2025-12-17T11:14:44.427000+00:00;860.0;0.0;220.0;0.0;568.0;765.0;220.0;1530.0;220.0;1310.0;0;0.0;0.0;220.0;0.0;1973.717481322807;1056.4437921959893
2025-12-17T11:14:44.428000+00:00;913.0;0.0;220.0;0.0;568.0;765.0;220.0;1530.0;220.0;1310.0;0;0.0;0.0;220.0;0.0;1973.7178015450293;1056.4439310404337
2025-12-17T11:14:44.434000+00:00;913.0;0.0;220.0;0.0;545.0;765.0;220.0;1530.0;220.0;1310.0;0;0.0;0.0;220.0;0.0;1973.7197228783625;1056.444730373767
2025-12-17T11:19:44.426000+00:00;913.0;0.0;220.0;0.0;545.0;747.0;220.0;1494.0;220.0;1274.0;0;0.0;0.0;220.0;0.0;2067.1438981672513;1096.410331262656
2025-12-17T11:19:44.433000+00:00;913.0;0.0;218.0;0.0;545.0;747.0;218.0;1494.0;218.0;1276.0;0;0.0;0.0;218.0;0.0;2067.146081545029;1096.4112638182116
2025-12-17T11:19:44.434000+00:00;940.0;0.0;218.0;0.0;545.0;747.0;218.0;1494.0;218.0;1276.0;0;0.0;0.0;218.0;0.0;2067.1463934561402;1096.411397040434
2025-12-17T11:19:44.440000+00:00;940.0;0.0;218.0;0.0;529.0;747.0;218.0;1494.0;218.0;1276.0;0;0.0;0.0;218.0;0.0;2067.148264922807;1096.4121729071005
2025-12-17T11:25:10.417000+00:00;940.0;0.0;218.0;0.0;529.0;756.0;218.0;1512.0;218.0;1294.0;0;0.0;0.0;218.0;0.0;2170.2584119894736;1138.5646209737672
2025-12-17T11:25:10.425000+00:00;940.0;0.0;216.0;0.0;529.0;756.0;216.0;1512.0;216.0;1296.0;0;0.0;0.0;216.0;0.0;2170.2609463894737;1138.5656554626562
2025-12-17T11:25:10.426000+00:00;994.0;0.0;216.0;0.0;529.0;756.0;216.0;1512.0;216.0;1296.0;0;0.0;0.0;216.0;0.0;2170.2612631894735;1138.5657847737673
2025-12-17T11:25:10.433000+00:00;994.0;0.0;216.0;0.0;540.0;756.0;216.0;1512.0;216.0;1296.0;0;0.0;0.0;216.0;0.0;2170.2634807894738;1138.5667087737672
2025-12-17T11:30:10.445000+00:00;994.0;0.0;211.0;0.0;540.0;756.0;211.0;1512.0;211.0;1301.0;0;0.0;0.0;211.0;0.0;2265.673963722807;1178.1682927737672
2025-12-17T11:30:10.447000+00:00;1021.0;0.0;211.0;0.0;540.0;756.0;211.0;1512.0;211.0;1301.0;0;0.0;0.0;211.0;0.0;2265.6745997672515;1178.1685567737672
2025-12-17T11:30:10.452000+00:00;1021.0;0.0;211.0;0.0;545.0;756.0;211.0;1512.0;211.0;1301.0;0;0.0;0.0;211.0;0.0;2265.6761898783625;1178.1692228848783
2025-12-17T11:34:36.497000+00:00;1021.0;0.0;211.0;0.0;545.0;755.0;211.0;1510.0;211.0;1299.0;0;0.0;0.0;211.0;0.0;2350.154345545029;1213.6123289959894
2025-12-17T11:34:36.505000+00:00;1021.0;0.0;217.0;0.0;545.0;755.0;217.0;1510.0;217.0;1293.0;0;0.0;0.0;217.0;0.0;2350.1568740783623;1213.6133947737671
2025-12-17T11:34:36.506000+00:00;1075.0;0.0;217.0;0.0;545.0;755.0;217.0;1510.0;217.0;1293.0;0;0.0;0.0;217.0;0.0;2350.157190145029;1213.6135279959894
2025-12-17T11:34:36.511000+00:00;1075.0;0.0;217.0;0.0;538.0;755.0;217.0;1510.0;217.0;1293.0;0;0.0;0.0;217.0;0.0;2350.1587704783624;1213.614185551545
2025-12-17T11:40:36.469000+00:00;1075.0;0.0;217.0;0.0;538.0;747.0;217.0;1494.0;217.0;1277.0;0;0.0;0.0;217.0;0.0;2462.521659945029;1260.9526620848783
2025-12-17T11:40:36.477000+00:00;1075.0;0.0;218.0;0.0;538.0;747.0;218.0;1494.0;218.0;1276.0;0;0.0;0.0;218.0;0.0;2462.524155233918;1260.9537141737671
2025-12-17T11:40:36.478000+00:00;1102.0;0.0;218.0;0.0;538.0;747.0;218.0;1494.0;218.0;1276.0;0;0.0;0.0;218.0;0.0;2462.524467145029;1260.9538456848782
2025-12-17T11:40:36.489000+00:00;1102.0;0.0;218.0;0.0;529.0;747.0;218.0;1494.0;218.0;1276.0;0;0.0;0.0;218.0;0.0;2462.5278981672514;1260.9552681071004
2025-12-17T11:45:02.472000+00:00;1102.0;0.0;218.0;0.0;529.0;722.0;218.0;1444.0;218.0;1226.0;0;0.0;0.0;218.0;0.0;2542.2400479005846;1295.349825373767
2025-12-17T11:45:02.479000+00:00;1102.0;0.0;191.0;0.0;529.0;722.0;191.0;1444.0;191.0;1253.0;0;0.0;0.0;191.0;0.0;2542.242191922807;1295.3507305515448
2025-12-17T11:45:02.481000+00:00;1155.0;0.0;191.0;0.0;529.0;722.0;191.0;1444.0;191.0;1253.0;0;0.0;0.0;191.0;0.0;2542.2428045005845;1295.350989173767
2025-12-17T11:45:02.486000+00:00;1155.0;0.0;191.0;0.0;531.0;722.0;191.0;1444.0;191.0;1253.0;0;0.0;0.0;191.0;0.0;2542.244335945029;1295.351638173767
2025-12-17T11:50:02.410000+00:00;1155.0;0.0;191.0;0.0;531.0;705.0;191.0;1410.0;191.0;1219.0;0;0.0;0.0;191.0;0.0;2631.615022967251;1334.281773373767
2025-12-17T11:50:02.417000+00:00;1155.0;0.0;189.0;0.0;531.0;705.0;189.0;1410.0;189.0;1221.0;0;0.0;0.0;189.0;0.0;2631.617112233918;1334.282681973767
2025-12-17T11:50:02.419000+00:00;1182.0;0.0;189.0;0.0;531.0;705.0;189.0;1410.0;189.0;1221.0;0;0.0;0.0;189.0;0.0;2631.617709167251;1334.282941573767
2025-12-17T11:50:02.424000+00:00;1182.0;0.0;189.0;0.0;516.0;705.0;189.0;1410.0;189.0;1221.0;0;0.0;0.0;189.0;0.0;2631.6192015005845;1334.2835722404336
2025-12-17T11:55:28.404000+00:00;1182.0;0.0;189.0;0.0;516.0;688.0;189.0;1376.0;189.0;1187.0;0;0.0;0.0;189.0;0.0;2726.2041095005843;1375.4005162404337
2025-12-17T11:55:28.413000+00:00;1182.0;0.0;188.0;0.0;516.0;688.0;188.0;1376.0;188.0;1188.0;0;0.0;0.0;188.0;0.0;2726.2067231005844;1375.4016514404336
2025-12-17T11:55:28.414000+00:00;1236.0;0.0;188.0;0.0;516.0;688.0;188.0;1376.0;188.0;1188.0;0;0.0;0.0;188.0;0.0;2726.2070135005843;1375.401777573767
2025-12-17T11:55:28.420000+00:00;1236.0;0.0;188.0;0.0;500.0;688.0;188.0;1376.0;188.0;1188.0;0;0.0;0.0;188.0;0.0;2726.208755900584;1375.4025109071003
2025-12-17T12:00:28.403000+00:00;1236.0;0.0;188.0;0.0;500.0;663.0;188.0;1326.0;188.0;1138.0;0;0.0;0.0;188.0;0.0;2809.657360211695;1412.0670997959892
2025-12-17T12:00:28.411000+00:00;1236.0;0.0;181.0;0.0;500.0;663.0;181.0;1326.0;181.0;1145.0;0;0.0;0.0;181.0;0.0;2809.659599322806;1412.068077573767
2025-12-17T12:00:28.412000+00:00;1263.0;0.0;181.0;0.0;500.0;663.0;181.0;1326.0;181.0;1145.0;0;0.0;0.0;181.0;0.0;2809.659879211695;1412.0681997959891
2025-12-17T12:00:28.418000+00:00;1263.0;0.0;181.0;0.0;482.0;663.0;181.0;1326.0;181.0;1145.0;0;0.0;0.0;181.0;0.0;2809.6615585450286;1412.0689067293224
2025-12-17T12:04:54.419000+00:00;1263.0;0.0;181.0;0.0;482.0;648.0;181.0;1296.0;181.0;1115.0;0;0.0;0.0;181.0;0.0;2882.161608878362;1443.4097356626557
2025-12-17T12:04:54.427000+00:00;1263.0;0.0;200.0;0.0;482.0;648.0;200.0;1296.0;200.0;1096.0;0;0.0;0.0;200.0;0.0;2882.163752167251;1443.4106782404335
2025-12-17T12:04:54.428000+00:00;1317.0;0.0;200.0;0.0;482.0;648.0;200.0;1296.0;200.0;1096.0;0;0.0;0.0;200.0;0.0;2882.1640200783622;1443.4107960626557
2025-12-17T12:04:54.433000+00:00;1317.0;0.0;200.0;0.0;448.0;648.0;200.0;1296.0;200.0;1096.0;0;0.0;0.0;200.0;0.0;2882.165359633918;1443.4113436182113
2025-12-17T12:09:54.409000+00:00;1317.0;0.0;200.0;0.0;448.0;638.0;200.0;1276.0;200.0;1076.0;0;0.0;0.0;200.0;0.0;2961.065713767251;1476.262048684878
2025-12-17T12:09:54.417000+00:00;1317.0;0.0;198.0;0.0;448.0;638.0;198.0;1276.0;198.0;1078.0;0;0.0;0.0;198.0;0.0;2961.0678218561397;1476.2629247737668
2025-12-17T12:09:54.418000+00:00;1344.0;0.0;198.0;0.0;448.0;638.0;198.0;1276.0;198.0;1078.0;0;0.0;0.0;198.0;0.0;2961.0680853672507;1476.263034284878
2025-12-17T12:09:54.419000+00:00;1344.0;0.0;198.0;2.0;448.0;638.0;200.0;1276.0;200.0;1076.0;0;0.0;0.0;200.0;0.0;2961.0683483894727;1476.263143795989
2025-12-17T12:09:54.424000+00:00;1344.0;0.0;198.0;2.0;440.0;638.0;200.0;1276.0;200.0;1076.0;0;0.0;0.0;200.0;0.0;2961.069663500584;1476.2636815737667
2025-12-17T12:13:20.437000+00:00;1344.0;0.0;198.0;2.0;440.0;624.0;200.0;1248.0;200.0;1048.0;0;0.0;0.0;200.0;0.0;3013.8456160339174;1498.4215242404334
2025-12-17T12:13:20.439000+00:00;1344.0;0.0;197.0;2.0;440.0;624.0;199.0;1248.0;199.0;1049.0;0;0.0;0.0;199.0;0.0;3013.846128878362;1498.4217393515446
2025-12-17T12:13:20.445000+00:00;1370.0;0.0;197.0;2.0;440.0;624.0;199.0;1248.0;199.0;1049.0;0;0.0;0.0;199.0;0.0;3013.847667411695;1498.422384684878
2025-12-17T12:13:20.446000+00:00;1370.0;0.0;197.0;0.0;440.0;624.0;197.0;1248.0;197.0;1051.0;0;0.0;0.0;197.0;0.0;3013.847924322806;1498.4224922404335
2025-12-17T12:13:20.459000+00:00;1370.0;0.0;197.0;0.0;427.0;624.0;197.0;1248.0;197.0;1051.0;0;0.0;0.0;197.0;0.0;3013.8512641672505;1498.4238491515446
2025-12-17T12:14:20.396000+00:00;1370.0;0.0;197.0;0.0;427.0;625.0;197.0;1250.0;197.0;1053.0;0;0.0;0.0;197.0;0.0;3029.2790479672503;1504.6799400182113
2025-12-17T12:14:20.398000+00:00;1370.0;0.0;193.0;0.0;427.0;625.0;193.0;1250.0;193.0;1057.0;0;0.0;0.0;193.0;0.0;3029.279564722806;1504.6801487737669
2025-12-17T12:14:20.413000+00:00;1370.0;0.0;193.0;0.0;432.0;625.0;193.0;1250.0;193.0;1057.0;0;0.0;0.0;193.0;0.0;3029.2834403894726;1504.681732773767
2025-12-17T12:15:20.392000+00:00;1370.0;0.0;193.0;0.0;432.0;624.0;193.0;1248.0;193.0;1055.0;0;0.0;0.0;193.0;0.0;3044.7513580561395;1511.015515173767
2025-12-17T12:15:20.399000+00:00;1370.0;0.0;192.0;0.0;432.0;624.0;192.0;1248.0;192.0;1056.0;0;0.0;0.0;192.0;0.0;3044.7531649894727;1511.016254373767
2025-12-17T12:16:20.521000+00:00;1370.0;0.0;192.0;0.0;432.0;620.0;192.0;1240.0;192.0;1048.0;0;0.0;0.0;192.0;0.0;3060.155085345028;1517.365137573767
2025-12-17T12:16:20.529000+00:00;1370.0;0.0;193.0;0.0;432.0;620.0;193.0;1240.0;193.0;1047.0;0;0.0;0.0;193.0;0.0;3060.1571328116947;1517.365982373767
2025-12-17T12:16:20.535000+00:00;1370.0;0.0;193.0;0.0;427.0;620.0;193.0;1240.0;193.0;1047.0;0;0.0;0.0;193.0;0.0;3060.1586684116946;1517.3666086404337
2025-12-17T12:17:20.403000+00:00;1370.0;0.0;193.0;0.0;427.0;616.0;193.0;1232.0;193.0;1039.0;0;0.0;0.0;193.0;0.0;3075.3638100116946;1523.6154974404337
2025-12-17T12:17:20.410000+00:00;1370.0;0.0;196.0;0.0;427.0;616.0;196.0;1232.0;196.0;1036.0;0;0.0;0.0;196.0;0.0;3075.365582722806;1523.6162280848782
2025-12-17T12:17:20.411000+00:00;1397.0;0.0;196.0;0.0;427.0;616.0;196.0;1232.0;196.0;1036.0;0;0.0;0.0;196.0;0.0;3075.3658359672504;1523.616332462656
2025-12-17T12:17:20.417000+00:00;1397.0;0.0;196.0;0.0;420.0;616.0;196.0;1232.0;196.0;1036.0;0;0.0;0.0;196.0;0.0;3075.367355433917;1523.616948462656
2025-12-17T12:18:20.397000+00:00;1397.0;0.0;196.0;0.0;420.0;617.0;196.0;1234.0;196.0;1038.0;0;0.0;0.0;196.0;0.0;3090.58628076725;1529.7748951293227
2025-12-17T12:18:20.399000+00:00;1397.0;0.0;197.0;0.0;420.0;617.0;197.0;1234.0;197.0;1037.0;0;0.0;0.0;197.0;0.0;3090.586787745028;1529.775100462656
2025-12-17T12:20:20.396000+00:00;1397.0;0.0;197.0;0.0;420.0;604.0;197.0;1208.0;197.0;1011.0;0;0.0;0.0;197.0;0.0;3120.2420463450276;1542.094792462656
2025-12-17T12:20:20.404000+00:00;1397.0;0.0;201.0;0.0;420.0;604.0;201.0;1208.0;201.0;1007.0;0;0.0;0.0;201.0;0.0;3120.244015589472;1542.0956137959893
2025-12-17T12:20:20.410000+00:00;1397.0;0.0;201.0;0.0;403.0;604.0;201.0;1208.0;201.0;1007.0;0;0.0;0.0;201.0;0.0;3120.2454925228053;1542.096204862656
2025-12-17T12:25:46.416000+00:00;1397.0;0.0;201.0;0.0;403.0;579.0;201.0;1158.0;201.0;957.0;0;0.0;0.0;201.0;0.0;3196.509162789472;1574.2114181515449
2025-12-17T12:25:46.424000+00:00;1397.0;0.0;191.0;0.0;403.0;579.0;191.0;1158.0;191.0;967.0;0;0.0;0.0;191.0;0.0;3196.511053811694;1574.2122062404337
2025-12-17T12:25:46.425000+00:00;1424.0;0.0;191.0;0.0;403.0;579.0;191.0;1158.0;191.0;967.0;0;0.0;0.0;191.0;0.0;3196.5112901894718;1574.212304751545
2025-12-17T12:25:46.426000+00:00;1424.0;0.0;191.0;6.0;403.0;579.0;197.0;1158.0;197.0;961.0;0;0.0;0.0;197.0;0.0;3196.5115251005827;1574.2124032626562
2025-12-17T12:25:46.430000+00:00;1424.0;0.0;191.0;6.0;388.0;579.0;197.0;1158.0;197.0;961.0;0;0.0;0.0;197.0;0.0;3196.512464745027;1574.212782640434
2025-12-17T12:30:46.419000+00:00;1424.0;0.0;191.0;6.0;388.0;563.0;197.0;1126.0;197.0;929.0;0;0.0;0.0;197.0;0.0;3264.636633433916;1602.6650726848784
2025-12-17T12:30:46.428000+00:00;1424.0;0.0;179.0;6.0;388.0;563.0;185.0;1126.0;185.0;941.0;0;0.0;0.0;185.0;0.0;3264.638703633916;1602.6659262848784
2025-12-17T12:30:46.433000+00:00;1451.0;0.0;179.0;6.0;388.0;563.0;185.0;1126.0;185.0;941.0;0;0.0;0.0;185.0;0.0;3264.6398537450273;1602.6664005071007
2025-12-17T12:30:46.435000+00:00;1451.0;0.0;179.0;0.0;388.0;563.0;179.0;1126.0;179.0;947.0;0;0.0;0.0;179.0;0.0;3264.640316722805;1602.6665901959896
2025-12-17T12:30:46.442000+00:00;1451.0;0.0;179.0;0.0;384.0;563.0;179.0;1126.0;179.0;947.0;0;0.0;0.0;179.0;0.0;3264.641937145027;1602.6672472626562
2025-12-17T12:35:12.393000+00:00;1451.0;0.0;179.0;0.0;384.0;553.0;179.0;1106.0;179.0;927.0;0;0.0;0.0;179.0;0.0;3324.906433745027;1627.6311811293228
2025-12-17T12:35:12.395000+00:00;1451.0;0.0;799.0;0.0;384.0;553.0;799.0;1106.0;799.0;307.0;0;0.0;0.0;799.0;0.0;3324.9065838339156;1627.6313688626562
2025-12-17T12:35:12.402000+00:00;1451.0;0.0;799.0;392.0;384.0;553.0;1191.0;1106.0;1106.0;0.0;0;85.0;85.0;1191.0;0.0;3324.9063477228046;1627.632025929323
2025-12-17T12:35:12.413000+00:00;1451.0;0.0;799.0;392.0;0.0;553.0;1191.0;1106.0;1106.0;0.0;0;85.0;85.0;1191.0;0.0;3324.9059766910586;1627.632025929323
2025-12-17T12:35:12.414000+00:00;1451.0;246.0;799.0;392.0;0.0;553.0;1191.0;1106.0;1106.0;0.0;0;85.0;85.0;1191.0;0.0;3324.9059429609;1627.6319425959896
2025-12-17T12:36:12.458000+00:00;1451.0;246.0;799.0;392.0;0.0;549.0;1191.0;1098.0;1098.0;0.0;0;93.0;93.0;1191.0;0.0;3322.6900334370907;1622.6282759293229
2025-12-17T12:36:12.466000+00:00;1451.0;246.0;799.0;394.0;0.0;549.0;1193.0;1098.0;1098.0;0.0;0;95.0;95.0;1193.0;0.0;3322.689731849789;1622.6276092626563
2025-12-17T12:36:12.471000+00:00;1451.0;250.0;799.0;394.0;0.0;549.0;1193.0;1098.0;1098.0;0.0;0;95.0;95.0;1193.0;0.0;3322.6895433577256;1622.6271858209218
2025-12-17T12:37:12.402000+00:00;1451.0;250.0;799.0;394.0;0.0;544.0;1193.0;1088.0;1088.0;0.0;0;105.0;105.0;1193.0;0.0;3320.389559805094;1617.5517285038486
2025-12-17T12:37:12.404000+00:00;1451.0;250.0;800.0;394.0;0.0;544.0;1194.0;1088.0;1088.0;0.0;0;106.0;106.0;1194.0;0.0;3320.389482319714;1617.5515591271549
2025-12-17T12:37:12.411000+00:00;1424.0;250.0;800.0;394.0;0.0;544.0;1194.0;1088.0;1088.0;0.0;0;106.0;106.0;1194.0;0.0;3320.3892111208834;1617.5509663087266
2025-12-17T12:37:12.416000+00:00;1424.0;256.0;800.0;394.0;0.0;544.0;1194.0;1088.0;1088.0;0.0;0;106.0;106.0;1194.0;0.0;3320.389017407433;1617.5505327043907
2025-12-17T12:38:12.391000+00:00;1424.0;256.0;800.0;394.0;0.0;540.0;1194.0;1080.0;1080.0;0.0;0;114.0;114.0;1194.0;0.0;3317.8900590741;1612.3494486935506
2025-12-17T12:38:12.398000+00:00;1424.0;256.0;799.0;394.0;0.0;540.0;1193.0;1080.0;1080.0;0.0;0;113.0;113.0;1193.0;0.0;3317.889769965913;1612.3488416474802
2025-12-17T12:38:12.400000+00:00;1424.0;256.0;799.0;393.0;0.0;540.0;1192.0;1080.0;1080.0;0.0;0;112.0;112.0;1192.0;0.0;3317.8896880945676;1612.3486682057458
2025-12-17T12:38:12.405000+00:00;1424.0;259.0;799.0;393.0;0.0;540.0;1192.0;1080.0;1080.0;0.0;0;112.0;112.0;1192.0;0.0;3317.889483416205;1612.3482295201088
2025-12-17T12:39:12.414000+00:00;1424.0;259.0;799.0;393.0;0.0;539.0;1192.0;1078.0;1078.0;0.0;0;114.0;114.0;1192.0;0.0;3315.389108416205;1607.0832122436861
2025-12-17T12:39:12.416000+00:00;1424.0;259.0;800.0;393.0;0.0;539.0;1193.0;1078.0;1078.0;0.0;0;115.0;115.0;1193.0;0.0;3315.3890243518777;1607.0830367694314
2025-12-17T12:39:12.423000+00:00;1424.0;259.0;800.0;394.0;0.0;539.0;1194.0;1078.0;1078.0;0.0;0;116.0;116.0;1194.0;0.0;3315.388727568252;1607.0824226095397
2025-12-17T12:39:12.428000+00:00;1424.0;261.0;800.0;394.0;0.0;539.0;1194.0;1078.0;1078.0;0.0;0;116.0;116.0;1194.0;0.0;3315.3885155799476;1607.081980536369
2025-12-17T12:40:12.416000+00:00;1424.0;261.0;800.0;394.0;0.0;534.0;1194.0;1068.0;1068.0;0.0;0;126.0;126.0;1194.0;0.0;3312.6259103167895;1601.7781634631983
2025-12-17T12:40:12.426000+00:00;1424.0;261.0;800.0;396.0;0.0;534.0;1196.0;1068.0;1068.0;0.0;0;128.0;128.0;1196.0;0.0;3312.625442480532;1601.777279316857
2025-12-17T12:40:12.431000+00:00;1424.0;266.0;800.0;396.0;0.0;534.0;1196.0;1068.0;1068.0;0.0;0;128.0;128.0;1196.0;0.0;3312.6252085624033;1601.7768287748515
2025-12-17T12:45:38.421000+00:00;1424.0;266.0;800.0;396.0;0.0;502.0;1196.0;1004.0;1004.0;0.0;0;192.0;192.0;1196.0;0.0;3289.748717334333;1572.4023911054749
2025-12-17T12:45:38.423000+00:00;1424.0;266.0;186.0;396.0;0.0;502.0;582.0;1004.0;582.0;422.0;0;0.0;0.0;582.0;0.0;3289.748923645444;1572.4022108886727
2025-12-17T12:45:38.429000+00:00;1397.0;266.0;186.0;396.0;0.0;502.0;582.0;1004.0;582.0;422.0;0;0.0;0.0;582.0;0.0;3289.7495425787774;1572.4016702382662
2025-12-17T12:45:38.430000+00:00;1397.0;266.0;186.0;0.0;0.0;502.0;186.0;1004.0;186.0;818.0;0;0.0;0.0;186.0;0.0;3289.749742534333;1572.4015801298651
2025-12-17T12:45:38.442000+00:00;1397.0;266.0;186.0;0.0;316.0;502.0;186.0;1004.0;186.0;818.0;0;0.0;0.0;186.0;0.0;3289.752142001;1572.4014257623855
2025-12-17T12:45:38.443000+00:00;1397.0;0.0;186.0;0.0;316.0;502.0;186.0;1004.0;186.0;818.0;0;0.0;0.0;186.0;0.0;3289.7523419565555;1572.40150300683
2025-12-17T12:50:38.422000+00:00;1397.0;0.0;186.0;0.0;316.0;484.0;186.0;968.0;186.0;782.0;0;0.0;0.0;186.0;0.0;3347.0949943565556;1595.5732142068298
2025-12-17T12:50:38.432000+00:00;1397.0;0.0;263.0;0.0;316.0;484.0;263.0;968.0;263.0;705.0;0;0.0;0.0;263.0;0.0;3347.096717689889;1595.5739866512743
2025-12-17T12:50:38.438000+00:00;1424.0;0.0;263.0;0.0;316.0;484.0;263.0;968.0;263.0;705.0;0;0.0;0.0;263.0;0.0;3347.097751689889;1595.5744501179408
2025-12-17T12:50:38.450000+00:00;1424.0;0.0;263.0;0.0;221.0;484.0;263.0;968.0;263.0;705.0;0;0.0;0.0;263.0;0.0;3347.0998196898886;1595.5750983846076
2025-12-17T12:56:04.409000+00:00;1424.0;0.0;263.0;0.0;221.0;458.0;263.0;916.0;263.0;653.0;0;0.0;0.0;263.0;0.0;3399.130119623222;1613.184127917941
2025-12-17T12:56:04.411000+00:00;1424.0;0.0;200.0;0.0;221.0;458.0;200.0;916.0;200.0;716.0;0;0.0;0.0;200.0;0.0;3399.1304696676666;1613.1842359623854
2025-12-17T12:56:04.417000+00:00;1451.0;0.0;200.0;0.0;221.0;458.0;200.0;916.0;200.0;716.0;0;0.0;0.0;200.0;0.0;3399.1315198009997;1613.1845600957188
2025-12-17T12:56:04.430000+00:00;1451.0;0.0;200.0;0.0;258.0;458.0;200.0;916.0;200.0;716.0;0;0.0;0.0;200.0;0.0;3399.1337950898887;1613.1853799623855
2025-12-17T13:01:04.399000+00:00;1451.0;0.0;200.0;0.0;258.0;413.0;200.0;826.0;200.0;626.0;0;0.0;0.0;200.0;0.0;3445.0357180676665;1632.1034248957187
2025-12-17T13:01:04.407000+00:00;1451.0;0.0;201.0;0.0;258.0;413.0;201.0;826.0;201.0;625.0;0;0.0;0.0;201.0;0.0;3445.0369402898887;1632.103929429052
2025-12-17T13:01:04.408000+00:00;1478.0;0.0;201.0;0.0;258.0;413.0;201.0;826.0;201.0;625.0;0;0.0;0.0;201.0;0.0;3445.0370930676663;1632.1039924957186
2025-12-17T13:01:04.413000+00:00;1478.0;0.0;201.0;0.0;212.0;413.0;201.0;826.0;201.0;625.0;0;0.0;0.0;201.0;0.0;3445.037856956555;1632.1042516068296
2025-12-17T13:06:30.470000+00:00;1478.0;0.0;201.0;0.0;212.0;371.0;201.0;742.0;201.0;541.0;0;0.0;0.0;201.0;0.0;3488.157083778777;1649.0012499179406
2025-12-17T13:06:30.472000+00:00;1478.0;0.0;189.0;0.0;212.0;371.0;189.0;742.0;189.0;553.0;0;0.0;0.0;189.0;0.0;3488.1573541343328;1649.001353562385
2025-12-17T13:06:30.479000+00:00;1478.0;0.0;189.0;2.0;212.0;371.0;191.0;742.0;191.0;551.0;0;0.0;0.0;191.0;0.0;3488.158296956555;1649.0017163179405
2025-12-17T13:06:30.517000+00:00;1478.0;0.0;189.0;2.0;182.0;371.0;191.0;742.0;191.0;551.0;0;0.0;0.0;191.0;0.0;3488.163415134333;1649.0034068957182
2025-12-17T13:10:30.414000+00:00;1478.0;0.0;189.0;2.0;182.0;335.0;191.0;670.0;191.0;479.0;0;0.0;0.0;191.0;0.0;3516.2526883121104;1659.6761578734959
2025-12-17T13:10:30.422000+00:00;1478.0;0.0;199.0;2.0;182.0;335.0;201.0;670.0;201.0;469.0;0;0.0;0.0;201.0;0.0;3516.253605467666;1659.6765137846069
2025-12-17T13:10:30.424000+00:00;1478.0;0.0;199.0;0.0;182.0;335.0;199.0;670.0;199.0;471.0;0;0.0;0.0;199.0;0.0;3516.253835734333;1659.6766027623846
2025-12-17T13:10:30.428000+00:00;1478.0;0.0;199.0;0.0;136.0;335.0;199.0;670.0;199.0;471.0;0;0.0;0.0;199.0;0.0;3516.254296267666;1659.6767357401625
2025-12-17T13:15:56.420000+00:00;1478.0;0.0;199.0;0.0;136.0;298.0;199.0;596.0;199.0;397.0;0;0.0;0.0;199.0;0.0;3547.8900088009996;1670.5141586734958
2025-12-17T13:15:56.422000+00:00;1478.0;0.0;224.0;0.0;136.0;298.0;224.0;596.0;224.0;372.0;0;0.0;0.0;224.0;0.0;3547.890190667666;1670.5142251623847
2025-12-17T13:15:56.429000+00:00;1505.0;0.0;224.0;0.0;136.0;298.0;224.0;596.0;224.0;372.0;0;0.0;0.0;224.0;0.0;3547.8908272009994;1670.5144578734958
2025-12-17T13:15:56.441000+00:00;1505.0;0.0;224.0;0.0;74.0;298.0;224.0;596.0;224.0;372.0;0;0.0;0.0;224.0;0.0;3547.891918400999;1670.5146749401624
2025-12-17T13:20:56.408000+00:00;1505.0;0.0;224.0;0.0;74.0;263.0;224.0;526.0;224.0;302.0;0;0.0;0.0;224.0;0.0;3570.0361489343327;1675.9407446734958
2025-12-17T13:20:56.416000+00:00;1505.0;0.0;242.0;0.0;74.0;263.0;242.0;526.0;242.0;284.0;0;0.0;0.0;242.0;0.0;3570.0367043121105;1675.9408893846069
2025-12-17T13:20:56.422000+00:00;1505.0;0.0;242.0;0.0;21.0;263.0;242.0;526.0;242.0;284.0;0;0.0;0.0;242.0;0.0;3570.037120845444;1675.940920184607
2025-12-17T13:26:22.521000+00:00;1505.0;0.0;242.0;0.0;21.0;215.0;242.0;430.0;242.0;188.0;0;0.0;0.0;242.0;0.0;3585.023181556555;1677.6148950512736
2025-12-17T13:26:22.523000+00:00;1505.0;0.0;178.0;0.0;21.0;215.0;178.0;430.0;178.0;252.0;0;0.0;0.0;178.0;0.0;3585.023304756555;1677.6149053179404
2025-12-17T13:26:22.546000+00:00;1505.0;0.0;178.0;0.0;37.0;215.0;178.0;430.0;178.0;252.0;0;0.0;0.0;178.0;0.0;3585.0247215565546;1677.6151133401627
2025-12-17T13:30:22.429000+00:00;1505.0;0.0;178.0;0.0;37.0;171.0;178.0;342.0;178.0;164.0;0;0.0;0.0;178.0;0.0;3594.641364489888;1679.7847218068293
2025-12-17T13:30:22.437000+00:00;1505.0;0.0;176.0;0.0;37.0;171.0;176.0;342.0;176.0;166.0;0;0.0;0.0;176.0;0.0;3594.6416891121103;1679.784794162385
2025-12-17T13:30:22.443000+00:00;1505.0;0.0;176.0;0.0;0.0;171.0;176.0;342.0;176.0;166.0;0;0.0;0.0;176.0;0.0;3594.641932578777;1679.784794162385
2025-12-17T13:30:22.444000+00:00;1505.0;5.0;176.0;0.0;0.0;171.0;176.0;342.0;176.0;166.0;0;0.0;0.0;176.0;0.0;3594.6419731565547;1679.784792178258
2025-12-17T13:36:48.436000+00:00;1505.0;5.0;176.0;0.0;0.0;147.0;176.0;294.0;176.0;118.0;0;0.0;0.0;176.0;0.0;3605.7756979565547;1679.0189350354008
2025-12-17T13:36:48.438000+00:00;1505.0;5.0;178.0;0.0;0.0;147.0;178.0;294.0;178.0;116.0;0;0.0;0.0;178.0;0.0;3605.7757546676658;1679.0189310671467
2025-12-17T13:36:48.455000+00:00;1505.0;31.0;178.0;0.0;0.0;147.0;178.0;294.0;178.0;116.0;0;0.0;0.0;178.0;0.0;3605.7762367121104;1679.0187219401625
2025-12-17T13:40:48.404000+00:00;1505.0;31.0;178.0;0.0;0.0;127.0;178.0;254.0;178.0;76.0;0;0.0;0.0;178.0;0.0;3610.2339559121106;1676.066968368734
2025-12-17T13:40:48.411000+00:00;1505.0;31.0;177.0;0.0;0.0;127.0;177.0;254.0;177.0;77.0;0;0.0;0.0;177.0;0.0;3610.2340876676662;1676.0668822576229
2025-12-17T13:40:48.413000+00:00;1478.0;31.0;177.0;0.0;0.0;127.0;177.0;254.0;177.0;77.0;0;0.0;0.0;177.0;0.0;3610.234125312111;1676.0668576544483
2025-12-17T13:40:48.418000+00:00;1478.0;50.0;177.0;0.0;0.0;127.0;177.0;254.0;177.0;77.0;0;0.0;0.0;177.0;0.0;3610.234219423222;1676.066758448099
2025-12-17T13:41:48.404000+00:00;1478.0;50.0;177.0;0.0;0.0;125.0;177.0;250.0;177.0;73.0;0;0.0;0.0;177.0;0.0;3611.3046362676664;1674.8765600354006
2025-12-17T13:41:48.411000+00:00;1478.0;50.0;197.0;0.0;0.0;125.0;197.0;250.0;197.0;53.0;0;0.0;0.0;197.0;0.0;3611.3047269565554;1674.8764211465118
2025-12-17T13:41:48.418000+00:00;1478.0;72.0;197.0;0.0;0.0;125.0;197.0;250.0;197.0;53.0;0;0.0;0.0;197.0;0.0;3611.3048176454445;1674.8762211465119
2025-12-17T13:42:48.424000+00:00;1478.0;72.0;197.0;0.0;0.0;121.0;197.0;242.0;197.0;45.0;0;0.0;0.0;197.0;0.0;3611.9648836454444;1673.1617640036548
2025-12-17T13:42:48.426000+00:00;1478.0;72.0;199.0;0.0;0.0;121.0;199.0;242.0;199.0;43.0;0;0.0;0.0;199.0;0.0;3611.964904667667;1673.1617068607977
2025-12-17T13:42:48.437000+00:00;1478.0;78.0;199.0;0.0;0.0;121.0;199.0;242.0;199.0;43.0;0;0.0;0.0;199.0;0.0;3611.9650202898893;1673.1613663846072
2025-12-17T13:43:48.412000+00:00;1478.0;78.0;199.0;0.0;0.0;117.0;199.0;234.0;199.0;35.0;0;0.0;0.0;199.0;0.0;3612.4781397343336;1671.3049973369882
2025-12-17T13:43:48.425000+00:00;1478.0;82.0;199.0;0.0;0.0;117.0;199.0;234.0;199.0;35.0;0;0.0;0.0;199.0;0.0;3612.4782509565557;1671.3045743211153
2025-12-17T13:44:48.490000+00:00;1478.0;82.0;199.0;0.0;0.0;115.0;199.0;230.0;199.0;31.0;0;0.0;0.0;199.0;0.0;3612.933410178778;1669.3500782893693
2025-12-17T13:44:48.492000+00:00;1478.0;82.0;210.0;0.0;0.0;115.0;210.0;230.0;210.0;20.0;0;0.0;0.0;210.0;0.0;3612.933419956556;1669.3500132100041
2025-12-17T13:44:48.503000+00:00;1478.0;95.0;210.0;0.0;0.0;115.0;210.0;230.0;210.0;20.0;0;0.0;0.0;210.0;0.0;3612.933473734334;1669.3495985274644
2025-12-17T13:45:48.410000+00:00;1478.0;95.0;210.0;0.0;0.0;113.0;210.0;226.0;210.0;16.0;0;0.0;0.0;210.0;0.0;3613.167776667667;1667.0911997179405
2025-12-17T13:45:48.417000+00:00;1478.0;95.0;203.0;0.0;0.0;113.0;203.0;226.0;203.0;23.0;0;0.0;0.0;203.0;0.0;3613.1678160232227;1667.0909358290517
2025-12-17T13:45:48.425000+00:00;1478.0;90.0;203.0;0.0;0.0;113.0;203.0;226.0;203.0;23.0;0;0.0;0.0;203.0;0.0;3613.1678610010003;1667.090650114766
2025-12-17T13:51:14.399000+00:00;1478.0;90.0;203.0;0.0;0.0;101.0;203.0;202.0;202.0;0.0;0;1.0;1.0;203.0;0.0;3613.0385062390956;1655.4487215433376
2025-12-17T13:51:14.406000+00:00;1478.0;90.0;202.0;0.0;0.0;101.0;202.0;202.0;202.0;0.0;0.0;0.0;0.0;202.0;0.0;3613.0385062390956;1655.4484715433375
2025-12-17T13:51:14.412000+00:00;1478.0;101.0;202.0;0.0;0.0;101.0;202.0;202.0;202.0;0.0;0.0;0.0;0.0;202.0;0.0;3613.0385062390956;1655.4482500521094
2025-12-17T13:56:14.419000+00:00;1478.0;101.0;202.0;0.0;0.0;99.0;202.0;198.0;198.0;0.0;0;4.0;4.0;202.0;0.0;3612.562304651794;1644.3734302421678
2025-12-17T13:56:14.421000+00:00;1478.0;101.0;200.0;0.0;0.0;99.0;200.0;198.0;198.0;0.0;0;2.0;2.0;200.0;0.0;3612.5623030644924;1644.3733564117586
2025-12-17T13:56:14.427000+00:00;1451.0;101.0;200.0;0.0;0.0;99.0;200.0;198.0;198.0;0.0;0;2.0;2.0;200.0;0.0;3612.562298302588;1644.3731349205304
2025-12-17T14:00:40.421000+00:00;1451.0;101.0;200.0;0.0;0.0;94.0;200.0;188.0;188.0;0.0;0;12.0;12.0;200.0;0.0;3611.2956602073496;1634.553911967314
2025-12-17T14:00:40.429000+00:00;1451.0;101.0;198.0;0.0;0.0;94.0;198.0;188.0;188.0;0.0;0;10.0;10.0;198.0;0.0;3611.295628461318;1634.5536166456766
2025-12-17T14:00:40.435000+00:00;1451.0;104.0;198.0;0.0;0.0;94.0;198.0;188.0;188.0;0.0;0;10.0;10.0;198.0;0.0;3611.295604651794;1634.5533885755012
2025-12-17T14:05:40.467000+00:00;1451.0;104.0;198.0;0.0;0.0;87.0;198.0;174.0;174.0;0.0;0;24.0;24.0;198.0;0.0;3608.4381570327464;1623.1486634293024
2025-12-17T14:05:40.478000+00:00;1451.0;104.0;199.0;0.0;0.0;87.0;199.0;174.0;174.0;0.0;0;25.0;25.0;199.0;0.0;3608.4380479057622;1623.1482453006474
2025-12-17T14:05:40.506000+00:00;1451.0;112.0;199.0;0.0;0.0;87.0;199.0;174.0;174.0;0.0;0;25.0;25.0;199.0;0.0;3608.4377701279845;1623.147099101817
2025-12-17T14:10:06.393000+00:00;1451.0;112.0;199.0;0.0;0.0;83.0;199.0;166.0;166.0;0.0;0;33.0;33.0;199.0;0.0;3604.955916556556;1612.2628359439223
2025-12-17T14:10:06.401000+00:00;1451.0;112.0;203.0;0.0;0.0;83.0;203.0;166.0;166.0;0.0;0;37.0;37.0;203.0;0.0;3604.9557990962385;1612.2625084585422
2025-12-17T14:10:06.402000+00:00;1424.0;112.0;203.0;0.0;0.0;83.0;203.0;166.0;166.0;0.0;0;37.0;37.0;203.0;0.0;3604.955784413699;1612.2624675228697
2025-12-17T14:10:06.413000+00:00;1424.0;120.0;203.0;0.0;0.0;83.0;203.0;166.0;166.0;0.0;0;37.0;37.0;203.0;0.0;3604.9556229057625;1612.2619850667293
2025-12-17T14:11:06.397000+00:00;1424.0;120.0;203.0;0.0;0.0;81.0;203.0;162.0;162.0;0.0;0;41.0;41.0;203.0;0.0;3603.9796927470325;1609.6311078737467
2025-12-17T14:11:06.399000+00:00;1424.0;120.0;201.0;0.0;0.0;81.0;201.0;162.0;162.0;0.0;0;39.0;39.0;201.0;0.0;3603.9796617946513;1609.6310201544484
2025-12-17T14:12:06.435000+00:00;1424.0;120.0;201.0;0.0;0.0;79.0;201.0;158.0;158.0;0.0;0;43.0;43.0;201.0;0.0;3602.9552379851275;1606.9978622597116
2025-12-17T14:12:06.446000+00:00;1424.0;120.0;205.0;0.0;0.0;79.0;205.0;158.0;158.0;0.0;0;47.0;47.0;205.0;0.0;3602.955032826397;1606.9973798035712
2025-12-17T14:12:06.455000+00:00;1424.0;126.0;205.0;0.0;0.0;79.0;205.0;158.0;158.0;0.0;0;47.0;47.0;205.0;0.0;3602.9548649692542;1606.996965329887
2025-12-17T14:13:06.422000+00:00;1424.0;126.0;205.0;0.0;0.0;78.0;205.0;156.0;156.0;0.0;0;49.0;49.0;205.0;0.0;3601.7888399692542;1604.2353271719921
2025-12-17T14:13:06.434000+00:00;1424.0;126.0;203.0;0.0;0.0;78.0;203.0;156.0;156.0;0.0;0;47.0;47.0;203.0;0.0;3601.7886161597303;1604.2347745404131
2025-12-17T14:13:06.442000+00:00;1424.0;125.0;203.0;0.0;0.0;78.0;203.0;156.0;156.0;0.0;0;47.0;47.0;203.0;0.0;3601.788466953381;1604.234409043337
2025-12-17T14:14:06.405000+00:00;1424.0;125.0;203.0;0.0;0.0;76.0;203.0;152.0;152.0;0.0;0;51.0;51.0;203.0;0.0;3600.574930048619;1601.4948713971382
2025-12-17T14:14:06.437000+00:00;1424.0;127.0;203.0;0.0;0.0;76.0;203.0;152.0;152.0;0.0;0;51.0;51.0;203.0;0.0;3600.5742824295717;1601.4933860170213
2025-12-17T14:15:06.432000+00:00;1424.0;127.0;203.0;0.0;0.0;74.0;203.0;148.0;148.0;0.0;0;55.0;55.0;203.0;0.0;3599.264867747032;1598.7085303883664
2025-12-17T14:15:06.443000+00:00;1424.0;127.0;206.0;0.0;0.0;74.0;206.0;148.0;148.0;0.0;0;58.0;58.0;206.0;0.0;3599.264614572429;1598.708019788951
2025-12-17T14:15:06.451000+00:00;1424.0;132.0;206.0;0.0;0.0;74.0;206.0;148.0;148.0;0.0;0;58.0;58.0;206.0;0.0;3599.2644304454448;1598.7076338240388
2025-12-17T14:16:06.408000+00:00;1424.0;132.0;206.0;0.0;0.0;73.0;206.0;146.0;146.0;0.0;0;60.0;60.0;206.0;0.0;3597.836882826397;1595.8149715433372
2025-12-17T14:16:06.418000+00:00;1424.0;132.0;207.0;0.0;0.0;73.0;207.0;146.0;146.0;0.0;0;61.0;61.0;207.0;0.0;3597.836640762905;1595.8144890871968
2025-12-17T14:16:06.431000+00:00;1424.0;134.0;207.0;0.0;0.0;73.0;207.0;146.0;146.0;0.0;0;61.0;61.0;207.0;0.0;3597.8363260803653;1595.8138523912903
2025-12-17T14:21:32.406000+00:00;1424.0;134.0;207.0;0.0;0.0;60.0;207.0;120.0;120.0;0.0;0;87.0;87.0;207.0;0.0;3586.5824272708414;1579.848702537489
2025-12-17T14:21:32.414000+00:00;1424.0;134.0;178.0;0.0;0.0;60.0;178.0;120.0;120.0;0.0;0;58.0;58.0;178.0;0.0;3586.5822431438573;1579.8483107246236
2025-12-17T14:21:32.415000+00:00;1397.0;134.0;178.0;0.0;0.0;60.0;178.0;120.0;120.0;0.0;0;58.0;58.0;178.0;0.0;3586.5822201279843;1579.8482617480154
2025-12-17T14:21:32.431000+00:00;1397.0;118.0;178.0;0.0;0.0;60.0;178.0;120.0;120.0;0.0;0;58.0;58.0;178.0;0.0;3586.581851874016;1579.847571689536
2025-12-17T14:26:32.397000+00:00;1397.0;118.0;178.0;0.0;0.0;61.0;178.0;122.0;122.0;0.0;0;56.0;56.0;178.0;0.0;3579.915940762905;1566.910441572577
2025-12-17T14:26:32.405000+00:00;1397.0;118.0;183.0;0.0;0.0;61.0;183.0;122.0;122.0;0.0;0;61.0;61.0;183.0;0.0;3579.915747112111;1566.9100965433372
2025-12-17T14:26:32.411000+00:00;1397.0;122.0;183.0;0.0;0.0;61.0;183.0;122.0;122.0;0.0;0;61.0;61.0;183.0;0.0;3579.915601874016;1566.9098289994777
2025-12-17T14:30:58.424000+00:00;1397.0;122.0;183.0;0.0;0.0;48.0;183.0;96.0;96.0;0.0;0;87.0;87.0;183.0;0.0;3570.731819731159;1555.048138210004
2025-12-17T14:30:58.432000+00:00;1397.0;122.0;181.0;0.0;0.0;48.0;181.0;96.0;96.0;0.0;0;85.0;85.0;181.0;0.0;3570.731549889889;1555.0477814848578
2025-12-17T14:30:58.439000+00:00;1397.0;133.0;181.0;0.0;0.0;48.0;181.0;96.0;96.0;0.0;0;85.0;85.0;181.0;0.0;3570.731313778778;1555.04744120708
2025-12-17T14:35:58.401000+00:00;1397.0;133.0;181.0;0.0;0.0;52.0;181.0;104.0;104.0;0.0;0;77.0;77.0;181.0;0.0;3561.565808223222;1540.4659550959689
2025-12-17T14:35:58.409000+00:00;1397.0;133.0;183.0;0.0;0.0;52.0;183.0;104.0;104.0;0.0;0;79.0;79.0;183.0;0.0;3561.5655574295715;1540.46556620708
2025-12-17T14:35:58.410000+00:00;1370.0;133.0;183.0;0.0;0.0;52.0;183.0;104.0;104.0;0.0;0;79.0;79.0;183.0;0.0;3561.565526080365;1540.4655175959688
2025-12-17T14:35:58.421000+00:00;1370.0;131.0;183.0;0.0;0.0;52.0;183.0;104.0;104.0;0.0;0;79.0;79.0;183.0;0.0;3561.565181239095;1540.4649909146822
2025-12-17T14:41:24.416000+00:00;1370.0;131.0;183.0;0.0;0.0;59.0;183.0;118.0;118.0;0.0;0;65.0;65.0;183.0;0.0;3553.156580048619;1524.856312186612
2025-12-17T14:41:24.424000+00:00;1370.0;131.0;182.0;0.0;0.0;59.0;182.0;118.0;118.0;0.0;0;64.0;64.0;182.0;0.0;3553.156376874016;1524.8559291456763
2025-12-17T14:41:24.430000+00:00;1370.0;123.0;182.0;0.0;0.0;59.0;182.0;118.0;118.0;0.0;0;64.0;64.0;182.0;0.0;3553.1562244930637;1524.8556594088343
2025-12-17T14:46:24.414000+00:00;1370.0;123.0;182.0;0.0;0.0;69.0;182.0;138.0;138.0;0.0;0;44.0;44.0;182.0;0.0;3547.918408620048;1511.3695366018167
2025-12-17T14:46:24.422000+00:00;1344.0;123.0;182.0;0.0;0.0;69.0;182.0;138.0;138.0;0.0;0;44.0;44.0;182.0;0.0;3547.9182689375084;1511.3691769526938
2025-12-17T14:46:24.427000+00:00;1344.0;113.0;182.0;0.0;0.0;69.0;182.0;138.0;138.0;0.0;0;44.0;44.0;182.0;0.0;3547.918181635921;1511.3689704468459
2025-12-17T14:51:50.418000+00:00;1344.0;113.0;182.0;0.0;0.0;77.0;182.0;154.0;154.0;0.0;0;28.0;28.0;182.0;0.0;3544.296059413699;1497.9051608708226
2025-12-17T14:51:50.426000+00:00;1344.0;113.0;180.0;0.0;0.0;77.0;180.0;154.0;154.0;0.0;0;26.0;26.0;180.0;0.0;3544.2959768740166;1497.9048304614657
2025-12-17T14:51:50.432000+00:00;1344.0;103.0;180.0;0.0;0.0;77.0;180.0;154.0;154.0;0.0;0;26.0;26.0;180.0;0.0;3544.2959149692547;1497.9046045842726
2025-12-17T14:56:50.398000+00:00;1344.0;103.0;180.0;0.0;0.0;64.0;180.0;128.0;128.0;0.0;0;52.0;52.0;180.0;0.0;3538.10614036608;1486.6120249059102
2025-12-17T14:56:50.406000+00:00;1344.0;103.0;202.0;0.0;0.0;64.0;202.0;128.0;128.0;0.0;0;74.0;74.0;202.0;0.0;3538.1059054454454;1486.6117237363196
2025-12-17T14:56:50.407000+00:00;1317.0;103.0;202.0;0.0;0.0;64.0;202.0;128.0;128.0;0.0;0;74.0;74.0;202.0;0.0;3538.105876080366;1486.6116860901209
2025-12-17T14:56:50.413000+00:00;1317.0;138.0;202.0;0.0;0.0;64.0;202.0;128.0;128.0;0.0;0;74.0;74.0;202.0;0.0;3538.10569988989;1486.611383458542
2025-12-17T15:01:16.395000+00:00;1317.0;138.0;202.0;0.0;0.0;48.0;202.0;96.0;96.0;0.0;0;106.0;106.0;202.0;0.0;3527.8008417027554;1473.195624686612
2025-12-17T15:01:16.402000+00:00;1317.0;138.0;209.0;0.0;0.0;48.0;209.0;96.0;96.0;0.0;0;113.0;113.0;209.0;0.0;3527.800552594568;1473.1952716164367
2025-12-17T15:01:16.403000+00:00;1290.0;138.0;209.0;0.0;0.0;48.0;209.0;96.0;96.0;0.0;0;113.0;113.0;209.0;0.0;3527.800511293399;1473.1952211778403
2025-12-17T15:01:16.416000+00:00;1290.0;161.0;209.0;0.0;0.0;48.0;209.0;96.0;96.0;0.0;0;113.0;113.0;209.0;0.0;3527.7999743781943;1473.1944561924602
2025-12-17T15:04:16.524000+00:00;1290.0;161.0;209.0;0.0;0.0;35.0;209.0;70.0;70.0;0.0;0;139.0;139.0;209.0;0.0;3518.6497506939836;1462.5959956661443
2025-12-17T15:04:16.532000+00:00;1290.0;161.0;202.0;0.0;0.0;35.0;202.0;70.0;70.0;0.0;0;132.0;132.0;202.0;0.0;3518.6493647290713;1462.5955249059105
2025-12-17T15:04:16.538000+00:00;1290.0;167.0;202.0;0.0;0.0;35.0;202.0;70.0;70.0;0.0;0;132.0;132.0;202.0;0.0;3518.6490752553873;1462.5951586778403
2025-12-17T15:05:16.392000+00:00;1290.0;167.0;202.0;0.0;0.0;31.0;202.0;62.0;62.0;0.0;0;140.0;140.0;202.0;0.0;3515.586370577025;1458.9417895257936
2025-12-17T15:05:16.395000+00:00;1290.0;167.0;203.0;0.0;0.0;31.0;203.0;62.0;62.0;0.0;0;141.0;141.0;203.0;0.0;3515.5862159717617;1458.9416064117586
2025-12-17T15:05:16.407000+00:00;1290.0;172.0;203.0;0.0;0.0;31.0;203.0;62.0;62.0;0.0;0;141.0;141.0;203.0;0.0;3515.5855975507093;1458.9408520257937
2025-12-17T15:06:16.408000+00:00;1290.0;172.0;203.0;0.0;0.0;32.0;203.0;64.0;64.0;0.0;0;139.0;139.0;203.0;0.0;3512.5373011325805;1455.1688593357353
2025-12-17T15:06:16.410000+00:00;1290.0;172.0;201.0;0.0;0.0;32.0;201.0;64.0;64.0;0.0;0;137.0;137.0;201.0;0.0;3512.537200986382;1455.1687336047412
2025-12-17T15:06:16.422000+00:00;1290.0;169.0;201.0;0.0;0.0;32.0;201.0;64.0;64.0;0.0;0;137.0;137.0;201.0;0.0;3512.536600109189;1455.167992376671
2025-12-17T15:07:16.431000+00:00;1290.0;169.0;201.0;0.0;0.0;30.0;201.0;60.0;60.0;0.0;0;141.0;141.0;201.0;0.0;3509.4440310302416;1451.4612961047412
2025-12-17T15:07:16.441000+00:00;1290.0;169.0;206.0;0.0;0.0;30.0;206.0;60.0;60.0;0.0;0;146.0;146.0;206.0;0.0;3509.4434974045107;1451.4606784146827
2025-12-17T15:07:16.444000+00:00;1290.0;169.0;206.0;30.0;0.0;30.0;236.0;60.0;60.0;0.0;0;176.0;176.0;236.0;0.0;3509.4433044220546;1451.4604931076651
2025-12-17T15:07:16.453000+00:00;1290.0;176.0;206.0;30.0;0.0;30.0;236.0;60.0;60.0;0.0;0;176.0;176.0;236.0;0.0;3509.442725474686;1451.4599141602966
2025-12-17T15:08:16.394000+00:00;1290.0;176.0;206.0;30.0;0.0;26.0;236.0;52.0;52.0;0.0;0;184.0;184.0;236.0;0.0;3505.411605591645;1447.604060359127
2025-12-17T15:08:16.405000+00:00;1290.0;176.0;216.0;30.0;0.0;26.0;246.0;52.0;52.0;0.0;0;194.0;194.0;246.0;0.0;3505.410825620885;1447.603352756788
2025-12-17T15:08:16.408000+00:00;1263.0;176.0;216.0;30.0;0.0;26.0;246.0;52.0;52.0;0.0;0;194.0;194.0;246.0;0.0;3505.410612901587;1447.6031597743317
2025-12-17T15:08:16.413000+00:00;1263.0;176.0;216.0;0.0;0.0;26.0;216.0;52.0;52.0;0.0;0;164.0;164.0;216.0;0.0;3505.4103131939846;1447.602838136905
2025-12-17T15:08:16.420000+00:00;1263.0;190.0;216.0;0.0;0.0;26.0;216.0;52.0;52.0;0.0;0;164.0;164.0;216.0;0.0;3505.4098936033415;1447.6023520257938
2025-12-17T15:09:16.426000+00:00;1263.0;190.0;216.0;0.0;0.0;9.0;216.0;18.0;18.0;0.0;0;198.0;198.0;216.0;0.0;3501.0673541296574;1443.4352686924606
2025-12-17T15:09:16.439000+00:00;1263.0;190.0;223.0;0.0;0.0;9.0;223.0;18.0;18.0;0.0;0;205.0;205.0;223.0;0.0;3501.0664513518796;1443.4343659146828
2025-12-17T15:09:16.449000+00:00;1263.0;214.0;223.0;0.0;0.0;9.0;223.0;18.0;18.0;0.0;0;205.0;205.0;223.0;0.0;3501.065756907435;1443.4336409824334
2025-12-17T15:11:42.419000+00:00;1263.0;214.0;223.0;0.0;0.0;14.0;223.0;28.0;28.0;0.0;0;195.0;195.0;223.0;0.0;3490.662193310944;1432.851804939073
2025-12-17T15:11:42.426000+00:00;1263.0;214.0;215.0;0.0;0.0;14.0;215.0;28.0;28.0;0.0;0;187.0;187.0;215.0;0.0;3490.6617148752716;1432.8512974864984
2025-12-17T15:11:42.442000+00:00;1263.0;201.0;215.0;0.0;0.0;14.0;215.0;28.0;28.0;0.0;0;187.0;187.0;215.0;0.0;3490.6606213080204;1432.850208055604
2025-12-17T15:16:42.407000+00:00;1263.0;201.0;215.0;0.0;0.0;0.0;215.0;0.0;0.0;0.0;0;215.0;215.0;215.0;0.0;3468.8135769313267;1412.4257619173927
2025-12-17T15:16:42.415000+00:00;1263.0;201.0;214.0;0.0;0.0;0.0;214.0;0.0;0.0;0.0;0;214.0;214.0;214.0;0.0;3468.812996985527;1412.4252172019455
2025-12-17T15:16:42.416000+00:00;1236.0;201.0;214.0;0.0;0.0;0.0;214.0;0.0;0.0;0.0;0;214.0;214.0;214.0;0.0;3468.8129244923025;1412.4251491125146
2025-12-17T15:16:42.421000+00:00;1236.0;214.0;214.0;0.0;0.0;0.0;214.0;0.0;0.0;0.0;0;214.0;214.0;214.0;0.0;3468.812562026178;1412.42478664639
2025-12-17T15:22:08.431000+00:00;1236.0;214.0;214.0;0.0;0.0;8.0;214.0;16.0;16.0;0.0;0;198.0;198.0;214.0;0.0;3445.2197330788094;1388.7912703862273
2025-12-17T15:22:08.433000+00:00;1236.0;214.0;215.0;0.0;0.0;8.0;215.0;16.0;16.0;0.0;0;199.0;199.0;215.0;0.0;3445.219587610973;1388.7911253997775
2025-12-17T15:22:08.437000+00:00;1209.0;214.0;215.0;0.0;0.0;8.0;215.0;16.0;16.0;0.0;0;199.0;199.0;215.0;0.0;3445.2192966753005;1388.7908354268777
2025-12-17T15:22:08.449000+00:00;1209.0;207.0;215.0;0.0;0.0;8.0;215.0;16.0;16.0;0.0;0;199.0;199.0;215.0;0.0;3445.218423868283;1388.789993963463
2025-12-17T15:26:08.416000+00:00;1209.0;207.0;215.0;0.0;0.0;7.0;215.0;14.0;14.0;0.0;0;201.0;201.0;215.0;0.0;3428.8792074048683;1371.9630396951704
2025-12-17T15:26:08.424000+00:00;1209.0;207.0;198.0;0.0;0.0;7.0;198.0;14.0;14.0;0.0;0;184.0;184.0;198.0;0.0;3428.8786693931725;1371.9624787195607
2025-12-17T15:26:08.430000+00:00;1209.0;191.0;198.0;0.0;0.0;7.0;198.0;14.0;14.0;0.0;0;184.0;184.0;198.0;0.0;3428.8782658844007;1371.9620598599117
2025-12-17T15:32:34.401000+00:00;1209.0;191.0;198.0;0.0;0.0;0.0;198.0;0.0;0.0;0.0;0;198.0;198.0;198.0;0.0;3400.9461540422953;1345.0174469213152
2025-12-17T15:32:34.408000+00:00;1182.0;191.0;198.0;0.0;0.0;0.0;198.0;0.0;0.0;0.0;0;198.0;198.0;198.0;0.0;3400.945647463348;1345.0169582517246
2025-12-17T15:32:34.420000+00:00;1182.0;198.0;198.0;0.0;0.0;0.0;198.0;0.0;0.0;0.0;0;198.0;198.0;198.0;0.0;3400.9447790422955;1345.016089830672
2025-12-17T15:36:34.398000+00:00;1182.0;198.0;205.0;0.0;0.0;0.0;205.0;0.0;0.0;0.0;0;205.0;205.0;205.0;0.0;3384.2796401534065;1327.6492608833034
2025-12-17T15:36:34.404000+00:00;1155.0;198.0;205.0;0.0;0.0;0.0;205.0;0.0;0.0;0.0;0;205.0;205.0;205.0;0.0;3384.2792234867397;1327.6488266727772
2025-12-17T15:36:34.409000+00:00;1155.0;205.0;205.0;0.0;0.0;0.0;205.0;0.0;0.0;0.0;0;205.0;205.0;205.0;0.0;3384.2788762645173;1327.648479450555
2025-12-17T15:42:00.418000+00:00;1155.0;205.0;198.0;0.0;0.0;0.0;198.0;0.0;0.0;0.0;0;198.0;198.0;198.0;0.0;3360.68611968557;1305.0089655616662
2025-12-17T15:42:00.433000+00:00;1155.0;198.0;198.0;0.0;0.0;0.0;198.0;0.0;0.0;0.0;0;198.0;198.0;198.0;0.0;3360.685034159254;1305.0078800353504
2025-12-17T15:47:00.418000+00:00;1155.0;198.0;204.0;0.0;0.0;0.0;204.0;0.0;0.0;0.0;0;204.0;204.0;204.0;0.0;3339.9543634275465;1283.2984392458766
2025-12-17T15:47:00.424000+00:00;1128.0;198.0;204.0;0.0;0.0;0.0;204.0;0.0;0.0;0.0;0;204.0;204.0;204.0;0.0;3339.9539487934003;1283.2980050353503
2025-12-17T15:47:00.425000+00:00;1128.0;198.0;204.0;3.0;0.0;0.0;207.0;0.0;0.0;0.0;0;207.0;207.0;207.0;0.0;3339.9538786714493;1283.2979326669292
2025-12-17T15:47:00.435000+00:00;1128.0;204.0;204.0;3.0;0.0;0.0;207.0;0.0;0.0;0.0;0;207.0;207.0;207.0;0.0;3339.953177451937;1283.2972416100185
2025-12-17T15:52:26.443000+00:00;1128.0;204.0;198.0;3.0;0.0;0.0;201.0;0.0;0.0;0.0;0;201.0;201.0;201.0;0.0;3317.755478264945;1260.7682334799372
2025-12-17T15:52:26.447000+00:00;1102.0;204.0;198.0;3.0;0.0;0.0;201.0;0.0;0.0;0.0;0;201.0;201.0;201.0;0.0;3317.7552059072214;1260.767957057173
2025-12-17T15:52:26.448000+00:00;1102.0;204.0;198.0;0.0;0.0;0.0;198.0;0.0;0.0;0.0;0;198.0;198.0;198.0;0.0;3317.7551335388002;1260.767887951482
2025-12-17T15:52:26.459000+00:00;1102.0;198.0;198.0;0.0;0.0;0.0;198.0;0.0;0.0;0.0;0;198.0;198.0;198.0;0.0;3317.754337486169;1260.7670918988504
2025-12-17T15:56:26.419000+00:00;1102.0;198.0;247.0;0.0;0.0;0.0;247.0;0.0;0.0;0.0;0;247.0;247.0;247.0;0.0;3297.6763835566294;1243.4015655830608
2025-12-17T15:56:26.424000+00:00;1075.0;198.0;247.0;0.0;0.0;0.0;247.0;0.0;0.0;0.0;0;247.0;247.0;247.0;0.0;3297.6759651961956;1243.4012037409555
2025-12-17T15:56:26.430000+00:00;1075.0;247.0;247.0;0.0;0.0;0.0;247.0;0.0;0.0;0.0;0;247.0;247.0;247.0;0.0;3297.6754631636754;1243.4007017084352
2025-12-17T16:01:26.407000+00:00;1075.0;247.0;286.0;0.0;0.0;0.0;286.0;0.0;0.0;0.0;0;286.0;286.0;286.0;0.0;3268.612650833052;1218.3010001501696
2025-12-17T16:01:26.413000+00:00;1048.0;247.0;286.0;0.0;0.0;0.0;286.0;0.0;0.0;0.0;0;286.0;286.0;286.0;0.0;3268.6120695322393;1218.3004981176493
2025-12-17T16:01:26.418000+00:00;1048.0;286.0;286.0;0.0;0.0;0.0;286.0;0.0;0.0;0.0;0;286.0;286.0;286.0;0.0;3268.611585114895;1218.3000137003053
2025-12-17T16:06:52.447000+00:00;1048.0;286.0;292.0;0.0;0.0;0.0;292.0;0.0;0.0;0.0;0;292.0;292.0;292.0;0.0;3236.362104085085;1186.7131932396007
2025-12-17T16:06:52.449000+00:00;1021.0;286.0;292.0;0.0;0.0;0.0;292.0;0.0;0.0;0.0;0;292.0;292.0;292.0;0.0;3236.3619062531066;1186.7129994726631
2025-12-17T16:06:52.463000+00:00;1021.0;292.0;292.0;0.0;0.0;0.0;292.0;0.0;0.0;0.0;0;292.0;292.0;292.0;0.0;3236.3605214292584;1186.711614648815
2025-12-17T16:11:52.413000+00:00;1021.0;292.0;255.0;0.0;0.0;0.0;255.0;0.0;0.0;0.0;0;255.0;255.0;255.0;0.0;3210.450206388608;1157.0417637003054
2025-12-17T16:11:52.418000+00:00;994.0;292.0;255.0;0.0;0.0;0.0;255.0;0.0;0.0;0.0;0;255.0;255.0;255.0;0.0;3210.4497744780388;1157.0412691203596
2025-12-17T16:11:52.424000+00:00;994.0;255.0;255.0;0.0;0.0;0.0;255.0;0.0;0.0;0.0;0;255.0;255.0;255.0;0.0;3210.449256185356;1157.0407508276767
2025-12-17T16:17:18.419000+00:00;994.0;255.0;369.0;0.0;0.0;0.0;369.0;0.0;0.0;0.0;0;369.0;369.0;369.0;0.0;3169.699881185356;1128.8806136325547
2025-12-17T16:17:18.425000+00:00;940.0;255.0;369.0;0.0;0.0;0.0;369.0;0.0;0.0;0.0;0;369.0;369.0;369.0;0.0;3169.699131185356;1128.8800953398718
2025-12-17T16:17:18.430000+00:00;940.0;369.0;369.0;0.0;0.0;0.0;369.0;0.0;0.0;0.0;0;369.0;369.0;369.0;0.0;3169.6985061853557;1128.879470339872
2025-12-17T16:22:18.457000+00:00;940.0;369.0;358.0;0.0;0.0;0.0;358.0;0.0;0.0;0.0;0;358.0;358.0;358.0;0.0;3133.3131179739735;1091.3760953398719
2025-12-17T16:22:18.459000+00:00;913.0;369.0;358.0;0.0;0.0;0.0;358.0;0.0;0.0;0.0;0;358.0;358.0;358.0;0.0;3133.312875426548;1091.3758453398718
2025-12-17T16:22:18.464000+00:00;913.0;358.0;358.0;0.0;0.0;0.0;358.0;0.0;0.0;0.0;0;358.0;358.0;358.0;0.0;3133.3122690579844;1091.3752389713081
2025-12-17T16:26:44.446000+00:00;913.0;358.0;285.0;0.0;0.0;0.0;285.0;0.0;0.0;0.0;0;285.0;285.0;285.0;0.0;3107.6331125539195;1059.1186143100615
2025-12-17T16:26:44.452000+00:00;887.0;358.0;285.0;0.0;0.0;0.0;285.0;0.0;0.0;0.0;0;285.0;285.0;285.0;0.0;3107.632533285627;1059.1178866677851
2025-12-17T16:26:44.458000+00:00;887.0;285.0;285.0;0.0;0.0;0.0;285.0;0.0;0.0;0.0;0;285.0;285.0;285.0;0.0;3107.631954017334;1059.1173073994923
2025-12-17T16:31:44.405000+00:00;887.0;285.0;275.0;0.0;0.0;0.0;275.0;0.0;0.0;0.0;0;275.0;275.0;275.0;0.0;3079.6897368764126;1030.1590096352647
2025-12-17T16:31:44.410000+00:00;860.0;285.0;275.0;0.0;0.0;0.0;275.0;0.0;0.0;0.0;0;275.0;275.0;275.0;0.0;3079.689271090505;1030.1585269116874
2025-12-17T16:31:44.416000+00:00;860.0;275.0;275.0;0.0;0.0;0.0;275.0;0.0;0.0;0.0;0;275.0;275.0;275.0;0.0;3079.6887121474156;1030.157967968598
2025-12-17T16:37:10.399000+00:00;860.0;275.0;244.0;0.0;0.0;0.0;244.0;0.0;0.0;0.0;0;244.0;244.0;244.0;0.0;3052.7443178384724;999.7903104482729
2025-12-17T16:37:10.404000+00:00;833.0;275.0;244.0;0.0;0.0;0.0;244.0;0.0;0.0;0.0;0;244.0;244.0;244.0;0.0;3052.7439045593396;999.789844662365
2025-12-17T16:37:10.410000+00:00;833.0;244.0;244.0;0.0;0.0;0.0;244.0;0.0;0.0;0.0;0;244.0;244.0;244.0;0.0;3052.74340862438;999.7893487274057
2025-12-17T16:42:10.405000+00:00;833.0;244.0;240.0;0.0;0.0;0.0;240.0;0.0;0.0;0.0;0;240.0;240.0;240.0;0.0;3028.3535712260064;974.9930140390588
2025-12-17T16:42:10.410000+00:00;806.0;244.0;240.0;0.0;0.0;0.0;240.0;0.0;0.0;0.0;0;240.0;240.0;240.0;0.0;3028.353164721941;974.9926007599261
2025-12-17T16:42:10.416000+00:00;806.0;240.0;240.0;0.0;0.0;0.0;240.0;0.0;0.0;0.0;0;240.0;240.0;240.0;0.0;3028.352676917063;974.992112955048
2025-12-17T16:47:36.405000+00:00;806.0;240.0;246.0;0.0;0.0;0.0;246.0;0.0;0.0;0.0;0;246.0;246.0;246.0;0.0;3001.186926917063;948.4889422233407
2025-12-17T16:47:36.410000+00:00;779.0;240.0;246.0;0.0;0.0;0.0;246.0;0.0;0.0;0.0;0;246.0;246.0;246.0;0.0;3001.186510250396;948.4885357192757
2025-12-17T16:47:36.415000+00:00;779.0;246.0;246.0;0.0;0.0;0.0;246.0;0.0;0.0;0.0;0;246.0;246.0;246.0;0.0;3001.1860935837294;948.488119052609
2025-12-17T16:52:36.397000+00:00;779.0;246.0;787.0;0.0;0.0;0.0;787.0;0.0;0.0;0.0;0;787.0;787.0;787.0;0.0;2929.9041388735845;923.489619052609
2025-12-17T16:52:36.402000+00:00;725.0;246.0;787.0;0.0;0.0;0.0;787.0;0.0;0.0;0.0;0;787.0;787.0;787.0;0.0;2929.9029507697196;923.4892023859423
2025-12-17T16:52:36.403000+00:00;725.0;246.0;787.0;2567.0;0.0;0.0;3354.0;0.0;0.0;0.0;0;1200.0;3354.0;1200.0;2154.0;2929.902588450879;923.489119052609
2025-12-17T16:52:36.408000+00:00;725.0;787.0;787.0;2567.0;0.0;0.0;3354.0;0.0;0.0;0.0;0;1200.0;3354.0;1200.0;2154.0;2929.900776856676;923.4879309487443
2025-12-17T16:57:02.429000+00:00;725.0;787.0;790.0;2567.0;0.0;0.0;3357.0;0.0;0.0;0.0;0;1200.0;3357.0;1200.0;2157.0;2833.5163565668213;860.2758153086477
2025-12-17T16:57:02.435000+00:00;672.0;787.0;790.0;2567.0;0.0;0.0;3357.0;0.0;0.0;0.0;0;1200.0;3357.0;1200.0;2157.0;2833.514182653778;860.27438958401
2025-12-17T16:57:02.436000+00:00;672.0;787.0;790.0;736.0;0.0;0.0;1526.0;0.0;0.0;0.0;0;1200.0;1526.0;1200.0;326.0;2833.5138203349375;860.274151963237
2025-12-17T16:57:02.441000+00:00;672.0;790.0;790.0;736.0;0.0;0.0;1526.0;0.0;0.0;0.0;0;1200.0;1526.0;1200.0;326.0;2833.5120087407345;860.2729593303868
2025-12-17T17:02:02.421000+00:00;672.0;790.0;289.0;736.0;0.0;0.0;1025.0;0.0;0.0;0.0;0;1025.0;1025.0;1025.0;0.0;2740.67399545571;788.719758847295
2025-12-17T17:02:02.427000+00:00;591.0;790.0;289.0;736.0;0.0;0.0;1025.0;0.0;0.0;0.0;0;1025.0;1025.0;1025.0;0.0;2740.6721385716523;788.7183276878748
2025-12-17T17:02:02.428000+00:00;591.0;790.0;289.0;2038.0;0.0;0.0;2327.0;0.0;0.0;0.0;0;1200.0;2327.0;1200.0;1127.0;2740.671776252812;788.7180891613048
2025-12-17T17:02:02.433000+00:00;591.0;289.0;289.0;2038.0;0.0;0.0;2327.0;0.0;0.0;0.0;0;1200.0;2327.0;1200.0;1127.0;2740.669964658609;788.7175996626597
2025-12-17T17:07:28.404000+00:00;591.0;289.0;308.0;2038.0;0.0;0.0;2346.0;0.0;0.0;0.0;0;1200.0;2346.0;1200.0;1146.0;2622.564529876;756.8051271016841
2025-12-17T17:07:28.411000+00:00;537.0;289.0;308.0;2038.0;0.0;0.0;2346.0;0.0;0.0;0.0;0;1200.0;2346.0;1200.0;1146.0;2622.561993644116;756.8044418035811
2025-12-17T17:07:28.412000+00:00;537.0;289.0;308.0;0.0;0.0;0.0;308.0;0.0;0.0;0.0;0;308.0;308.0;308.0;0.0;2622.5618893080723;756.8043439038521
2025-12-17T17:07:28.421000+00:00;537.0;308.0;308.0;0.0;0.0;0.0;308.0;0.0;0.0;0.0;0;308.0;308.0;308.0;0.0;2622.560950283682;756.8034048794618
2025-12-17T17:12:28.414000+00:00;537.0;308.0;288.0;0.0;0.0;0.0;288.0;0.0;0.0;0.0;0;288.0;288.0;288.0;0.0;2593.2933405275844;725.5033222236352
2025-12-17T17:12:28.417000+00:00;510.0;308.0;288.0;0.0;0.0;0.0;288.0;0.0;0.0;0.0;0;288.0;288.0;288.0;0.0;2593.2930478446574;725.5030092155051
2025-12-17T17:12:28.421000+00:00;510.0;308.0;288.0;3.0;0.0;0.0;291.0;0.0;0.0;0.0;0;291.0;291.0;291.0;0.0;2593.292653535714;725.5025918713317
2025-12-17T17:12:28.428000+00:00;510.0;288.0;288.0;3.0;0.0;0.0;291.0;0.0;0.0;0.0;0;291.0;291.0;291.0;0.0;2593.2919634950636;725.5019089445024
2025-12-17T17:16:54.408000+00:00;510.0;288.0;800.0;3.0;0.0;0.0;803.0;0.0;0.0;0.0;0;803.0;803.0;803.0;0.0;2528.8046627704257;699.5526406518194
2025-12-17T17:16:54.413000+00:00;456.0;288.0;800.0;3.0;0.0;0.0;803.0;0.0;0.0;0.0;0;803.0;803.0;803.0;0.0;2528.8034505119717;699.5521528469413
2025-12-17T17:16:54.414000+00:00;456.0;288.0;800.0;3787.0;0.0;0.0;4587.0;0.0;0.0;0.0;0;1200.0;4587.0;1200.0;3387.0;2528.8030881931313;699.5520552859657
2025-12-17T17:16:54.425000+00:00;456.0;800.0;800.0;3787.0;0.0;0.0;4587.0;0.0;0.0;0.0;0;1200.0;4587.0;1200.0;3387.0;2528.799102685885;699.5493982811348
2025-12-17T17:21:54.429000+00:00;456.0;800.0;799.0;3787.0;0.0;0.0;4586.0;0.0;0.0;0.0;0;1200.0;4586.0;1200.0;3386.0;2420.1020012366093;627.084663981618
2025-12-17T17:21:54.434000+00:00;322.0;800.0;799.0;3787.0;0.0;0.0;4586.0;0.0;0.0;0.0;0;1200.0;4586.0;1200.0;3386.0;2420.1001896424063;627.0834562521494
2025-12-17T17:21:54.435000+00:00;322.0;800.0;799.0;615.0;0.0;0.0;1414.0;0.0;0.0;0.0;0;1200.0;1414.0;1200.0;214.0;2420.099827323566;627.0832147062557
2025-12-17T17:21:54.446000+00:00;322.0;799.0;799.0;615.0;0.0;0.0;1414.0;0.0;0.0;0.0;0;1200.0;1414.0;1200.0;214.0;2420.0958418163195;627.0805610226809
2025-12-17T17:27:20.409000+00:00;322.0;799.0;0.0;615.0;0.0;0.0;615.0;0.0;0.0;0.0;0;615.0;615.0;615.0;0.0;2359.568291997479;548.4439556482847
2025-12-17T17:27:20.413000+00:00;268.0;799.0;0.0;615.0;0.0;0.0;615.0;0.0;0.0;0.0;0;615.0;615.0;615.0;0.0;2359.5675492438554;548.4429906724394
2025-12-17T17:27:20.414000+00:00;268.0;799.0;0.0;281.0;0.0;0.0;281.0;0.0;0.0;0.0;0;281.0;281.0;281.0;0.0;2359.5674540541536;548.442749428478
2025-12-17T17:27:20.427000+00:00;268.0;-0.0;0.0;281.0;0.0;0.0;281.0;0.0;0.0;0.0;0;281.0;281.0;281.0;0.0;2359.566216588029;548.442749428478
2025-12-17T17:32:20.398000+00:00;268.0;-0.0;0.0;266.0;0.0;0.0;266.0;0.0;0.0;0.0;0;266.0;266.0;266.0;0.0;2332.5363094064573;548.442749428478
2025-12-17T17:37:46.483000+00:00;268.0;-0.0;0.0;256.0;0.0;0.0;256.0;0.0;0.0;0.0;0;256.0;256.0;256.0;0.0;2304.2579354227173;548.442749428478
2025-12-17T17:42:46.397000+00:00;268.0;-0.0;0.0;348.0;0.0;0.0;348.0;0.0;0.0;0.0;0;348.0;348.0;348.0;0.0;2268.9022199755627;548.442749428478
2025-12-17T17:48:12.416000+00:00;268.0;-0.0;0.0;328.0;0.0;0.0;328.0;0.0;0.0;0.0;0;328.0;328.0;328.0;0.0;2232.677886642229;548.442749428478
2025-12-17T17:52:12.403000+00:00;268.0;-0.0;0.0;235.0;0.0;0.0;235.0;0.0;0.0;0.0;0;235.0;235.0;235.0;0.0;2213.5732304769176;548.442749428478
2025-12-17T17:57:38.428000+00:00;268.0;-0.0;0.0;234.0;0.0;0.0;234.0;0.0;0.0;0.0;0;234.0;234.0;234.0;0.0;2187.729785354966;548.442749428478
2025-12-17T18:02:38.411000+00:00;268.0;-0.0;0.0;214.0;0.0;0.0;214.0;0.0;0.0;0.0;0;214.0;214.0;214.0;0.0;2165.9830502601153;548.442749428478
2025-12-17T18:08:04.432000+00:00;268.0;-0.0;0.0;288.0;0.0;0.0;288.0;0.0;0.0;0.0;0;288.0;288.0;288.0;0.0;2134.176123430847;548.442749428478
2025-12-17T18:13:04.417000+00:00;268.0;-0.0;0.0;199.0;0.0;0.0;199.0;0.0;0.0;0.0;0;199.0;199.0;199.0;0.0;2112.3570390010223;548.442749428478
2025-12-17T18:18:30.419000+00:00;268.0;-0.0;0.0;221.0;0.0;0.0;221.0;0.0;0.0;0.0;0;221.0;221.0;221.0;0.0;2087.9510627137593;548.442749428478
2025-12-17T18:22:30.394000+00:00;268.0;-0.0;0.0;332.0;0.0;0.0;332.0;0.0;0.0;0.0;0;332.0;332.0;332.0;0.0;2060.9620044481767;548.442749428478
2025-12-17T18:27:30.414000+00:00;268.0;-0.0;0.0;205.0;0.0;0.0;205.0;0.0;0.0;0.0;0;205.0;205.0;205.0;0.0;2040.1272822259546;548.442749428478
2025-12-17T18:32:56.412000+00:00;268.0;-0.0;0.0;211.0;0.0;0.0;211.0;0.0;0.0;0.0;0;211.0;211.0;211.0;0.0;2016.825934664979;548.442749428478
2025-12-17T18:37:56.398000+00:00;268.0;-0.0;0.0;279.0;0.0;0.0;279.0;0.0;0.0;0.0;0;279.0;279.0;279.0;0.0;1988.4735992991255;548.442749428478
2025-12-17T18:43:22.421000+00:00;268.0;-0.0;0.0;210.0;0.0;0.0;210.0;0.0;0.0;0.0;0;210.0;210.0;210.0;0.0;1965.2809062096946;548.442749428478
2025-12-17T18:48:22.408000+00:00;268.0;-0.0;0.0;284.0;0.0;0.0;284.0;0.0;0.0;0.0;0;284.0;284.0;284.0;0.0;1936.4203682693153;548.442749428478
2025-12-17T18:52:48.393000+00:00;268.0;-0.0;0.0;255.0;0.0;0.0;255.0;0.0;0.0;0.0;0;255.0;255.0;255.0;0.0;1913.4440217246;548.442749428478
2025-12-17T18:57:48.401000+00:00;268.0;-0.0;0.0;264.0;0.0;0.0;264.0;0.0;0.0;0.0;0;264.0;264.0;264.0;0.0;1886.6140379847625;548.442749428478
2025-12-17T19:03:16.408000+00:00;268.0;-0.0;0.0;263.0;0.0;0.0;263.0;0.0;0.0;0.0;0;263.0;263.0;263.0;0.0;1857.3911921175538;548.442749428478
2025-12-17T19:08:16.400000+00:00;268.0;-0.0;0.0;349.0;0.0;0.0;349.0;0.0;0.0;0.0;0;349.0;349.0;349.0;0.0;1821.9246582422152;548.442749428478
2025-12-17T19:12:42.414000+00:00;268.0;-0.0;0.0;358.0;0.0;0.0;358.0;0.0;0.0;0.0;0;358.0;358.0;358.0;0.0;1789.664152822161;548.442749428478
2025-12-17T19:17:42.414000+00:00;268.0;-0.0;0.0;376.0;0.0;0.0;376.0;0.0;0.0;0.0;0;376.0;376.0;376.0;0.0;1751.4527707083398;548.442749428478
2025-12-17T19:23:08.447000+00:00;268.0;-0.0;0.0;381.0;0.0;0.0;381.0;0.0;0.0;0.0;0;381.0;381.0;381.0;0.0;1709.3733083099658;548.442749428478
2025-12-17T19:28:08.392000+00:00;268.0;-0.0;0.0;382.0;0.0;0.0;382.0;0.0;0.0;0.0;0;382.0;382.0;382.0;0.0;1670.5592873072558;548.442749428478
2025-12-17T19:33:34.437000+00:00;268.0;-0.0;0.0;383.0;0.0;0.0;383.0;0.0;0.0;0.0;0;383.0;383.0;383.0;0.0;1628.257378431917;548.442749428478
2025-12-17T19:38:34.407000+00:00;268.0;-0.0;0.0;391.0;0.0;0.0;391.0;0.0;0.0;0.0;0;391.0;391.0;391.0;0.0;1588.525579651429;548.442749428478
2025-12-17T19:43:00.414000+00:00;268.0;-0.0;0.0;380.0;0.0;0.0;380.0;0.0;0.0;0.0;0;380.0;380.0;380.0;0.0;1554.283486155494;548.442749428478
2025-12-17T19:53:27.405000+00:00;268.0;-0.0;0.0;378.0;0.0;0.0;378.0;0.0;0.0;0.0;0;378.0;378.0;378.0;0.0;1473.9980532286647;548.442749428478
2025-12-17T19:58:27.393000+00:00;268.0;-0.0;0.0;363.0;0.0;0.0;363.0;0.0;0.0;0.0;0;363.0;363.0;363.0;0.0;1437.1092849359818;548.442749428478
2025-12-17T20:08:53.395000+00:00;268.0;-0.0;0.0;381.0;0.0;0.0;381.0;0.0;0.0;0.0;0;381.0;381.0;381.0;0.0;1356.314311358746;548.442749428478
2025-12-17T20:14:19.444000+00:00;268.0;-0.0;0.0;360.0;0.0;0.0;360.0;0.0;0.0;0.0;0;360.0;360.0;360.0;0.0;1316.5522381880141;548.442749428478
2025-12-17T20:18:19.414000+00:00;268.0;-0.0;0.0;358.0;0.0;0.0;358.0;0.0;0.0;0.0;0;358.0;358.0;358.0;0.0;1287.4501853424856;548.442749428478
2025-12-17T20:23:45.436000+00:00;268.0;-0.0;0.0;223.0;0.0;0.0;223.0;0.0;0.0;0.0;0;223.0;223.0;223.0;0.0;1262.8218296514287;548.442749428478
2025-12-17T20:28:45.386000+00:00;268.0;-0.0;0.0;262.0;0.0;0.0;262.0;0.0;0.0;0.0;0;262.0;262.0;262.0;0.0;1236.2002510606428;548.442749428478
2025-12-17T20:29:45.398000+00:00;268.0;-0.0;0.0;221.0;0.0;0.0;221.0;0.0;0.0;0.0;0;221.0;221.0;221.0;0.0;1231.7074827679598;548.442749428478
2025-12-17T20:30:45.397000+00:00;268.0;-0.0;0.0;224.0;0.0;0.0;224.0;0.0;0.0;0.0;0;224.0;224.0;224.0;0.0;1227.1547131202633;548.442749428478
2025-12-17T20:31:45.394000+00:00;268.0;-0.0;0.0;222.0;0.0;0.0;222.0;0.0;0.0;0.0;0;222.0;222.0;222.0;0.0;1222.6427436080683;548.442749428478
2025-12-17T20:32:45.402000+00:00;268.0;-0.0;0.0;232.0;0.0;0.0;232.0;0.0;0.0;0.0;0;232.0;232.0;232.0;0.0;1217.9266677273095;548.442749428478
2025-12-17T20:34:11.432000+00:00;268.0;-0.0;0.0;231.0;0.0;0.0;231.0;0.0;0.0;0.0;0;231.0;231.0;231.0;0.0;1211.194645369586;548.442749428478
2025-12-17T20:39:11.406000+00:00;268.0;-0.0;0.0;221.0;0.0;0.0;221.0;0.0;0.0;0.0;0;221.0;221.0;221.0;0.0;1188.7372422530548;548.442749428478
2025-12-17T20:44:37.419000+00:00;268.0;-0.0;0.0;210.0;0.0;0.0;210.0;0.0;0.0;0.0;0;210.0;210.0;210.0;0.0;1165.5452605457376;548.442749428478
2025-12-17T20:48:37.398000+00:00;268.0;-0.0;0.0;227.0;0.0;0.0;227.0;0.0;0.0;0.0;0;227.0;227.0;227.0;0.0;1147.0915908302904;548.442749428478
2025-12-17T20:53:37.398000+00:00;268.0;-0.0;0.0;225.0;0.0;0.0;225.0;0.0;0.0;0.0;0;225.0;225.0;225.0;0.0;1124.225737171754;548.442749428478
2025-12-17T20:59:03.397000+00:00;268.0;-0.0;0.0;218.0;0.0;0.0;218.0;0.0;0.0;0.0;0;218.0;218.0;218.0;0.0;1100.151285274735;548.442749428478
2025-12-17T21:04:03.394000+00:00;268.0;-0.0;0.0;214.0;0.0;0.0;214.0;0.0;0.0;0.0;0;214.0;214.0;214.0;0.0;1078.403535274735;548.442749428478
2025-12-17T21:13:29.413000+00:00;268.0;-0.0;0.0;210.0;0.0;0.0;210.0;0.0;0.0;0.0;0;210.0;210.0;210.0;0.0;1038.1379560064424;548.442749428478
2025-12-17T21:18:55.402000+00:00;268.0;-0.0;0.0;214.0;0.0;0.0;214.0;0.0;0.0;0.0;0;214.0;214.0;214.0;0.0;1014.5059621040034;548.442749428478
2025-12-17T21:23:55.427000+00:00;268.0;-0.0;0.0;194.0;0.0;0.0;194.0;0.0;0.0;0.0;0;194.0;194.0;194.0;0.0;993.2322596186233;548.442749428478
2025-12-17T21:34:21.392000+00:00;268.0;-0.0;0.0;193.0;0.0;0.0;193.0;0.0;0.0;0.0;0;193.0;193.0;193.0;0.0;949.0761028203776;548.442749428478
2025-12-17T21:43:47.403000+00:00;268.0;-0.0;0.0;191.0;0.0;0.0;191.0;0.0;0.0;0.0;0;191.0;191.0;191.0;0.0;909.5629080104361;548.442749428478
2025-12-17T21:49:13.434000+00:00;268.0;-0.0;0.0;192.0;0.0;0.0;192.0;0.0;0.0;0.0;0;192.0;192.0;192.0;0.0;886.6835395893835;548.442749428478
2025-12-17T21:54:13.392000+00:00;268.0;-0.0;0.0;212.0;0.0;0.0;212.0;0.0;0.0;0.0;0;212.0;212.0;212.0;0.0;865.1418404023916;548.442749428478
2025-12-17T21:59:39.451000+00:00;268.0;-0.0;0.0;215.0;0.0;0.0;215.0;0.0;0.0;0.0;0;215.0;215.0;215.0;0.0;841.3943183834214;548.442749428478
2025-12-17T22:04:39.393000+00:00;268.0;-0.0;0.0;207.0;0.0;0.0;207.0;0.0;0.0;0.0;0;207.0;207.0;207.0;0.0;820.3618000907385;548.442749428478
2025-12-17T22:09:05.402000+00:00;268.0;-0.0;0.0;206.0;0.0;0.0;206.0;0.0;0.0;0.0;0;206.0;206.0;206.0;0.0;801.7988414186518;548.442749428478
2025-12-17T22:14:05.400000+00:00;268.0;-0.0;0.0;203.0;0.0;0.0;203.0;0.0;0.0;0.0;0;203.0;203.0;203.0;0.0;781.1688976517141;548.442749428478
2025-12-17T22:19:31.399000+00:00;268.0;-0.0;0.0;205.0;0.0;0.0;205.0;0.0;0.0;0.0;0;205.0;205.0;205.0;0.0;758.5300782072696;548.442749428478
2025-12-17T22:24:31.413000+00:00;268.0;-0.0;0.0;206.0;0.0;0.0;206.0;0.0;0.0;0.0;0;206.0;206.0;206.0;0.0;737.5941418929065;548.442749428478
2025-12-17T22:29:57.397000+00:00;268.0;-0.0;0.0;181.0;0.0;0.0;181.0;0.0;0.0;0.0;0;181.0;181.0;181.0;0.0;716.0286799046023;548.442749428478
2025-12-17T22:34:57.397000+00:00;268.0;-0.0;0.0;178.0;0.0;0.0;178.0;0.0;0.0;0.0;0;178.0;178.0;178.0;0.0;696.5111360449532;548.442749428478
2025-12-17T22:40:23.511000+00:00;268.0;-0.0;0.0;177.0;0.0;0.0;177.0;0.0;0.0;0.0;0;177.0;177.0;177.0;0.0;675.4138487642515;548.442749428478
2025-12-17T22:44:23.395000+00:00;268.0;-0.0;0.0;206.0;0.0;0.0;206.0;0.0;0.0;0.0;0;206.0;206.0;206.0;0.0;658.6739761355252;548.442749428478
2025-12-17T22:49:49.418000+00:00;268.0;-0.0;0.0;207.0;0.0;0.0;207.0;0.0;0.0;0.0;0;207.0;207.0;207.0;0.0;635.8126072330862;548.442749428478
2025-12-17T22:54:49.398000+00:00;268.0;-0.0;0.0;209.0;0.0;0.0;209.0;0.0;0.0;0.0;0;209.0;209.0;209.0;0.0;614.5741858238721;548.442749428478
