timestamp;netzbezug;hausabgabe;solarleistung;akkuLadung;akkuEntladung;akkuLadestand;gesamtVerbrauch;simulierteSolarleistung;tmpSimulierteHausabgabe;simulierteAkkuLadung;simulierteAkkuEntladung;tmpSimulierterNetzbezug;simulierteHausabgabe;simulierterNetzbezug;simulierterAkkuLadestand;normierterAkkuLadestand
2025-11-23T00:00:00.000+01:00;233;0;0;0;0;268;233;0;0;0;233;233;233;0;268;268
2025-11-23T00:04:57.582+01:00;2043;0;0;0;0;268;2043;0;0;0;0;2043;0;2043;268;268
2025-11-23T00:09:57.552+01:00;2055;0;0;0;0;268;2055;0;0;0;0;2055;0;2055;268;268
2025-11-23T00:14:23.553+01:00;2088;0;0;0;0;268;2088;0;0;0;0;2088;0;2088;268;268
2025-11-23T00:19:23.555+01:00;283;0;0;0;0;268;283;0;0;0;0;283;0;283;268;268
2025-11-23T00:24:49.578+01:00;258;0;0;0;0;268;258;0;0;0;0;258;0;258;268;268
2025-11-23T00:29:49.588+01:00;245;0;0;0;0;268;245;0;0;0;0;245;0;245;268;268
2025-11-23T00:35:17.576+01:00;246;0;0;0;0;268;246;0;0;0;0;246;0;246;268;268
2025-11-23T00:40:17.568+01:00;256;0;0;0;0;268;256;0;0;0;0;256;0;256;268;268
2025-11-23T00:45:43.567+01:00;251;0;0;0;0;268;251;0;0;0;0;251;0;251;268;268
2025-11-23T00:49:43.556+01:00;226;0;0;0;0;268;226;0;0;0;0;226;0;226;268;268
2025-11-23T00:55:09.385+01:00;232;0;0;0;0;268;232;0;0;0;0;232;0;232;268;268
2025-11-23T01:00:09.555+01:00;227;0;0;0;0;268;227;0;0;0;0;227;0;227;268;268
2025-11-23T01:05:35.399+01:00;228;0;0;0;0;268;228;0;0;0;0;228;0;228;268;268
2025-11-23T01:09:35.576+01:00;213;0;0;0;0;268;213;0;0;0;0;213;0;213;268;268
2025-11-23T01:14:35.550+01:00;2094;0;0;0;0;268;2094;0;0;0;0;2094;0;2094;268;268
2025-11-23T01:20:02.637+01:00;248;0;0;0;0;268;248;0;0;0;0;248;0;248;268;268
2025-11-23T01:25:03.553+01:00;246;0;0;0;0;268;246;0;0;0;0;246;0;246;268;268
2025-11-23T01:30:29.575+01:00;237;0;0;0;0;268;237;0;0;0;0;237;0;237;268;268
2025-11-23T01:35:30.553+01:00;227;0;0;0;0;268;227;0;0;0;0;227;0;227;268;268
2025-11-23T01:39:57.559+01:00;207;0;0;0;0;268;207;0;0;0;0;207;0;207;268;268
2025-11-23T01:44:57.564+01:00;186;0;0;0;0;268;186;0;0;0;0;186;0;186;268;268
2025-11-23T01:50:23.564+01:00;191;0;0;0;0;268;191;0;0;0;0;191;0;191;268;268
2025-11-23T01:55:23.550+01:00;187;0;0;0;0;268;187;0;0;0;0;187;0;187;268;268
2025-11-23T02:00:49.605+01:00;210;0;0;0;0;268;210;0;0;0;0;210;0;210;268;268
2025-11-23T02:05:50.549+01:00;215;0;0;0;0;268;215;0;0;0;0;215;0;215;268;268
2025-11-23T02:10:16.550+01:00;206;0;0;0;0;268;206;0;0;0;0;206;0;206;268;268
2025-11-23T02:15:16.554+01:00;204;0;0;0;0;268;204;0;0;0;0;204;0;204;268;268
2025-11-23T02:20:42.568+01:00;207;0;0;0;0;268;207;0;0;0;0;207;0;207;268;268
2025-11-23T02:25:42.565+01:00;210;0;0;0;0;268;210;0;0;0;0;210;0;210;268;268
2025-11-23T02:30:08.551+01:00;206;0;0;0;0;268;206;0;0;0;0;206;0;206;268;268
2025-11-23T02:35:08.548+01:00;192;0;0;0;0;268;192;0;0;0;0;192;0;192;268;268
2025-11-23T02:40:34.574+01:00;186;0;0;0;0;268;186;0;0;0;0;186;0;186;268;268
2025-11-23T02:45:34.575+01:00;212;0;0;0;0;268;212;0;0;0;0;212;0;212;268;268
2025-11-23T02:51:02.664+01:00;189;0;0;0;0;268;189;0;0;0;0;189;0;189;268;268
2025-11-23T02:56:03.553+01:00;188;0;0;0;0;268;188;0;0;0;0;188;0;188;268;268
2025-11-23T03:01:37.553+01:00;208;0;0;0;0;268;208;0;0;0;0;208;0;208;268;268
2025-11-23T03:05:37.553+01:00;211;0;0;0;0;268;211;0;0;0;0;211;0;211;268;268
2025-11-23T03:11:04.414+01:00;212;0;0;0;0;268;212;0;0;0;0;212;0;212;268;268
2025-11-23T03:16:04.545+01:00;208;0;0;0;0;268;208;0;0;0;0;208;0;208;268;268
2025-11-23T03:21:30.408+01:00;205;0;0;0;0;268;205;0;0;0;0;205;0;205;268;268
2025-11-23T03:25:30.552+01:00;206;0;0;0;0;268;206;0;0;0;0;206;0;206;268;268
2025-11-23T03:30:30.550+01:00;215;0;0;0;0;268;215;0;0;0;0;215;0;215;268;268
2025-11-23T03:35:56.557+01:00;206;0;0;0;0;268;206;0;0;0;0;206;0;206;268;268
2025-11-23T03:40:56.623+01:00;187;0;0;0;0;268;187;0;0;0;0;187;0;187;268;268
2025-11-23T03:46:23.558+01:00;186;0;0;0;0;268;186;0;0;0;0;186;0;186;268;268
2025-11-23T03:51:23.635+01:00;211;0;0;0;0;268;211;0;0;0;0;211;0;211;268;268
2025-11-23T03:55:50.569+01:00;210;0;0;0;0;268;210;0;0;0;0;210;0;210;268;268
2025-11-23T04:00:50.550+01:00;206;0;0;0;0;268;206;0;0;0;0;206;0;206;268;268
2025-11-23T04:06:16.566+01:00;204;0;0;0;0;268;204;0;0;0;0;204;0;204;268;268
2025-11-23T04:11:17.548+01:00;241;0;0;0;0;268;241;0;0;0;0;241;0;241;268;268
2025-11-23T04:16:43.573+01:00;185;0;0;0;0;268;185;0;0;0;0;185;0;185;268;268
2025-11-23T04:21:43.577+01:00;186;0;0;0;0;268;186;0;0;0;0;186;0;186;268;268
2025-11-23T04:26:09.549+01:00;194;0;0;0;0;268;194;0;0;0;0;194;0;194;268;268
2025-11-23T04:31:09.551+01:00;186;0;0;0;0;268;186;0;0;0;0;186;0;186;268;268
2025-11-23T04:36:35.704+01:00;187;0;0;0;0;268;187;0;0;0;0;187;0;187;268;268
2025-11-23T04:41:36.563+01:00;185;0;0;0;0;268;185;0;0;0;0;185;0;185;268;268
2025-11-23T04:46:02.569+01:00;184;0;0;0;0;268;184;0;0;0;0;184;0;184;268;268
2025-11-23T04:51:02.550+01:00;205;0;0;0;0;268;205;0;0;0;0;205;0;205;268;268
2025-11-23T04:56:28.559+01:00;206;0;0;0;0;268;206;0;0;0;0;206;0;206;268;268
2025-11-23T05:01:28.638+01:00;202;0;0;0;0;268;202;0;0;0;0;202;0;202;268;268
2025-11-23T05:06:55.588+01:00;204;0;0;0;0;268;204;0;0;0;0;204;0;204;268;268
2025-11-23T05:11:55.564+01:00;202;0;0;0;0;268;202;0;0;0;0;202;0;202;268;268
2025-11-23T05:17:21.566+01:00;205;0;0;0;0;268;205;0;0;0;0;205;0;205;268;268
2025-11-23T05:21:21.553+01:00;207;0;0;0;0;268;207;0;0;0;0;207;0;207;268;268
2025-11-23T05:26:47.474+01:00;204;0;0;0;0;268;204;0;0;0;0;204;0;204;268;268
2025-11-23T05:31:48.566+01:00;201;0;0;0;0;268;201;0;0;0;0;201;0;201;268;268
2025-11-23T05:37:14.397+01:00;183;0;0;0;0;268;183;0;0;0;0;183;0;183;268;268
2025-11-23T05:42:14.556+01:00;204;0;0;0;0;268;204;0;0;0;0;204;0;204;268;268
2025-11-23T05:47:40.379+01:00;185;0;0;0;0;268;185;0;0;0;0;185;0;185;268;268
2025-11-23T05:51:40.556+01:00;183;0;0;0;0;268;183;0;0;0;0;183;0;183;268;268
2025-11-23T05:56:40.554+01:00;187;0;0;0;0;268;187;0;0;0;0;187;0;187;268;268
2025-11-23T06:02:06.543+01:00;185;0;0;0;0;268;185;0;0;0;0;185;0;185;268;268
2025-11-23T06:07:06.553+01:00;186;0;0;0;0;268;186;0;0;0;0;186;0;186;268;268
2025-11-23T06:17:32.572+01:00;209;0;0;0;0;268;209;0;0;0;0;209;0;209;268;268
2025-11-23T06:21:59.557+01:00;207;0;0;0;0;268;207;0;0;0;0;207;0;207;268;268
2025-11-23T06:26:59.563+01:00;205;0;0;0;0;268;205;0;0;0;0;205;0;205;268;268
2025-11-23T06:32:26.554+01:00;319;0;0;0;0;268;319;0;0;0;0;319;0;319;268;268
2025-11-23T06:37:26.552+01:00;205;0;0;0;0;268;205;0;0;0;0;205;0;205;268;268
2025-11-23T06:41:52.561+01:00;207;0;0;0;0;268;207;0;0;0;0;207;0;207;268;268
2025-11-23T06:46:53.553+01:00;215;0;0;0;0;268;215;0;0;0;0;215;0;215;268;268
2025-11-23T06:52:19.559+01:00;205;0;0;0;0;268;205;0;0;0;0;205;0;205;268;268
2025-11-23T06:57:19.555+01:00;193;0;0;0;0;268;193;0;0;0;0;193;0;193;268;268
2025-11-23T07:02:45.564+01:00;186;0;0;0;0;268;186;0;0;0;0;186;0;186;268;268
2025-11-23T07:07:45.564+01:00;185;0;0;0;0;268;185;0;0;0;0;185;0;185;268;268
2025-11-23T07:12:11.560+01:00;195;0;0;0;0;268;195;0;0;0;0;195;0;195;268;268
2025-11-23T07:17:11.565+01:00;192;0;0;0;0;268;192;0;0;0;0;192;0;192;268;268
2025-11-23T07:22:37.570+01:00;215;0;0;0;0;268;215;0;0;0;0;215;0;215;268;268
2025-11-23T07:27:37.568+01:00;217;0;0;0;0;268;217;0;0;0;0;217;0;217;268;268
2025-11-23T07:33:03.569+01:00;230;0;0;0;0;268;230;0;0;0;0;230;0;230;268;268
2025-11-23T07:38:03.602+01:00;226;0;0;0;0;268;226;0;0;0;0;226;0;226;268;268
2025-11-23T07:43:29.578+01:00;344;0;0;0;0;268;344;0;0;0;0;344;0;344;268;268
2025-11-23T07:47:31.632+01:00;1678;0;0;0;0;268;1678;0;0;0;0;1678;0;1678;268;268
2025-11-23T07:52:58.397+01:00;1645;0;0;0;0;268;1645;0;0;0;0;1645;0;1645;268;268
2025-11-23T07:57:58.577+01:00;1645;0;5;0;0;268;1645;10;10;0;0;1635;10;1635;268;268
2025-11-23T07:57:58.579+01:00;1645;5;5;0;0;268;1650;10;10;0;0;1640;10;1640;268;268
2025-11-23T07:57:58.585+01:00;272;5;5;0;0;268;277;10;10;0;0;267;10;267;268;268
2025-11-23T08:03:24.395+01:00;272;5;13;0;0;268;277;26;26;0;0;251;26;251;268;268
2025-11-23T08:03:24.396+01:00;272;13;13;0;0;268;285;26;26;0;0;259;26;259;268;268
2025-11-23T08:03:24.398+01:00;1240;13;13;0;0;268;1253;26;26;0;0;1227;26;1227;268;268
2025-11-23T08:07:24.570+01:00;1240;13;16;0;0;268;1253;32;32;0;0;1221;32;1221;268;268
2025-11-23T08:07:24.571+01:00;1240;16;16;0;0;268;1256;32;32;0;0;1224;32;1224;268;268
2025-11-23T08:07:24.577+01:00;1573;16;16;0;0;268;1589;32;32;0;0;1557;32;1557;268;268
2025-11-23T08:12:25.595+01:00;1573;16;19;0;0;268;1589;38;38;0;0;1551;38;1551;268;268
2025-11-23T08:12:25.601+01:00;1573;19;19;0;0;268;1592;38;38;0;0;1554;38;1554;268;268
2025-11-23T08:12:25.603+01:00;321;19;19;0;0;268;340;38;38;0;0;302;38;302;268;268
2025-11-23T08:17:51.562+01:00;321;19;38;0;0;268;340;76;76;0;0;264;76;264;268;268
2025-11-23T08:17:51.564+01:00;321;38;38;0;0;268;359;76;76;0;0;283;76;283;268;268
2025-11-23T08:17:51.570+01:00;967;38;38;0;0;268;1005;76;76;0;0;929;76;929;268;268
2025-11-23T08:19:51.559+01:00;967;38;47;0;0;268;1005;94;94;0;0;911;94;911;268;268
2025-11-23T08:19:51.560+01:00;967;47;47;0;0;268;1014;94;94;0;0;920;94;920;268;268
2025-11-23T08:19:51.566+01:00;228;47;47;0;0;268;275;94;94;0;0;181;94;181;268;268
2025-11-23T08:20:51.551+01:00;228;47;46;0;0;268;275;92;92;0;0;183;92;183;268;268
2025-11-23T08:20:51.553+01:00;228;46;46;0;0;268;274;92;92;0;0;182;92;182;268;268
2025-11-23T08:20:51.560+01:00;225;46;46;0;0;268;271;92;92;0;0;179;92;179;268;268
2025-11-23T08:21:51.552+01:00;225;46;43;0;0;268;271;86;86;0;0;185;86;185;268;268
2025-11-23T08:21:51.553+01:00;225;43;43;0;0;268;268;86;86;0;0;182;86;182;268;268
2025-11-23T08:21:51.560+01:00;287;43;43;0;0;268;330;86;86;0;0;244;86;244;268;268
2025-11-23T08:22:51.566+01:00;287;43;53;0;0;268;330;106;106;0;0;224;106;224;268;268
2025-11-23T08:22:51.567+01:00;287;53;53;0;0;268;340;106;106;0;0;234;106;234;268;268
2025-11-23T08:22:51.574+01:00;215;53;53;0;0;268;268;106;106;0;0;162;106;162;268;268
2025-11-23T08:24:17.388+01:00;215;53;66;0;0;268;268;132;132;0;0;136;132;136;268;268
2025-11-23T08:24:17.389+01:00;215;66;66;0;0;268;281;132;132;0;0;149;132;149;268;268
2025-11-23T08:24:17.391+01:00;200;66;66;0;0;268;266;132;132;0;0;134;132;134;268;268
2025-11-23T08:25:17.591+01:00;200;66;76;0;0;268;266;152;152;0;0;114;152;114;268;268
2025-11-23T08:25:17.592+01:00;200;76;76;0;0;268;276;152;152;0;0;124;152;124;268;268
2025-11-23T08:25:17.594+01:00;204;76;76;0;0;268;280;152;152;0;0;128;152;128;268;268
2025-11-23T08:28:18.592+01:00;204;76;87;0;0;268;280;174;174;0;0;106;174;106;268;268
2025-11-23T08:28:18.598+01:00;204;87;87;0;0;268;291;174;174;0;0;117;174;117;268;268
2025-11-23T08:28:18.603+01:00;241;87;87;0;0;268;328;174;174;0;0;154;174;154;268;268
2025-11-23T08:33:19.577+01:00;241;87;101;0;0;268;328;202;202;0;0;126;202;126;268;268
2025-11-23T08:33:19.584+01:00;241;101;101;0;0;268;342;202;202;0;0;140;202;140;268;268
2025-11-23T08:33:19.590+01:00;208;101;101;0;0;268;309;202;202;0;0;107;202;107;268;268
2025-11-23T08:37:45.592+01:00;208;101;122;0;0;268;309;244;244;0;0;65;244;65;268;268
2025-11-23T08:37:45.593+01:00;208;122;122;0;0;268;330;244;244;0;0;86;244;86;268;268
2025-11-23T08:37:45.600+01:00;156;122;122;0;0;268;278;244;244;0;0;34;244;34;268;268
2025-11-23T08:42:46.609+01:00;156;122;144;0;0;268;278;288;278;10;0;0;278;0;268.7357997777778;268
2025-11-23T08:42:46.616+01:00;156;144;144;0;0;268;300;288;288;0;12;12;300;0;268.7357664444445;268
2025-11-23T08:42:46.622+01:00;114;144;144;0;0;268;258;288;258;30;0;0;258;0;268.7358104444445;268
2025-11-23T08:48:13.607+01:00;114;144;164;0;0;268;258;328;258;70;0;0;258;0;274.33088711111117;268
2025-11-23T08:48:13.608+01:00;114;164;164;0;0;268;278;328;278;50;0;0;278;0;274.3308993333334;268
2025-11-23T08:48:13.615+01:00;110;164;164;0;0;268;274;328;274;54;0;0;274;0;274.3309917333334;268
2025-11-23T08:53:15.610+01:00;110;164;182;0;0;268;274;364;274;90;0;0;274;0;280.9748817333334;268
2025-11-23T08:53:15.611+01:00;110;182;182;0;0;268;292;364;292;72;0;0;292;0;280.9748993333334;268
2025-11-23T08:53:15.618+01:00;2057;182;182;0;0;268;2239;364;364;0;436;1875;800;1439;280.97386545799463;268
2025-11-23T08:57:42.561+01:00;2057;182;210;0;0;268;2239;420;420;0;0;1819;420;1819;268;268
2025-11-23T08:57:42.562+01:00;2057;210;210;0;0;268;2267;420;420;0;0;1847;420;1847;268;268
2025-11-23T08:57:42.569+01:00;1516;210;210;0;0;268;1726;420;420;0;0;1306;420;1306;268;268
2025-11-23T08:58:42.594+01:00;1516;210;216;0;0;268;1726;432;432;0;0;1294;432;1294;268;268
2025-11-23T08:58:42.595+01:00;1516;216;216;0;0;268;1732;432;432;0;0;1300;432;1300;268;268
2025-11-23T08:58:42.601+01:00;1504;216;216;0;0;268;1720;432;432;0;0;1288;432;1288;268;268
2025-11-23T08:59:42.566+01:00;1504;216;222;0;0;268;1720;444;444;0;0;1276;444;1276;268;268
2025-11-23T08:59:42.568+01:00;1504;222;222;0;0;268;1726;444;444;0;0;1282;444;1282;268;268
2025-11-23T08:59:42.573+01:00;1488;222;222;0;0;268;1710;444;444;0;0;1266;444;1266;268;268
2025-11-23T09:00:42.596+01:00;1488;222;229;0;0;268;1710;458;458;0;0;1252;458;1252;268;268
2025-11-23T09:00:42.597+01:00;1488;229;229;0;0;268;1717;458;458;0;0;1259;458;1259;268;268
2025-11-23T09:00:42.604+01:00;1480;229;229;0;0;268;1709;458;458;0;0;1251;458;1251;268;268
2025-11-23T09:01:42.574+01:00;1480;229;233;0;0;268;1709;466;466;0;0;1243;466;1243;268;268
2025-11-23T09:01:42.575+01:00;1480;233;233;0;0;268;1713;466;466;0;0;1247;466;1247;268;268
2025-11-23T09:01:42.580+01:00;1465;233;233;0;0;268;1698;466;466;0;0;1232;466;1232;268;268
2025-11-23T09:02:42.667+01:00;1465;233;227;0;0;268;1698;454;454;0;0;1244;454;1244;268;268
2025-11-23T09:02:42.668+01:00;1465;227;227;0;0;268;1692;454;454;0;0;1238;454;1238;268;268
2025-11-23T09:02:42.675+01:00;526;227;227;0;0;268;753;454;454;0;0;299;454;299;268;268
2025-11-23T09:03:43.626+01:00;526;227;233;0;0;268;753;466;466;0;0;287;466;287;268;268
2025-11-23T09:03:43.633+01:00;526;233;233;0;0;268;759;466;466;0;0;293;466;293;268;268
2025-11-23T09:03:43.638+01:00;68;233;233;0;0;268;301;466;301;165;0;0;301;0;268.00020166666667;268
2025-11-23T09:04:44.565+01:00;68;233;245;0;0;268;301;490;301;189;0;0;301;0;270.8150290666667;268
2025-11-23T09:04:44.573+01:00;68;245;245;0;0;268;313;490;313;177;0;0;313;0;270.8153752;268
2025-11-23T09:04:44.578+01:00;49;245;245;0;0;268;294;490;294;196;0;0;294;0;270.81561475555554;268
2025-11-23T09:06:10.412+01:00;49;245;249;0;0;268;294;498;294;204;0;0;294;0;275.09587022222223;268
2025-11-23T09:06:10.413+01:00;49;249;249;0;0;268;298;498;298;200;0;0;298;0;275.09591911111113;268
2025-11-23T09:06:10.415+01:00;1343;249;249;0;0;268;1592;498;498;0;302;1094;800;792;275.0957145040651;268
2025-11-23T09:07:10.592+01:00;1343;249;255;0;0;268;1592;510;510;0;290;1082;800;792;269.18401734959355;268
2025-11-23T09:07:10.594+01:00;1343;255;255;0;0;268;1598;510;510;0;290;1088;800;798;269.18382087262876;268
2025-11-23T09:07:10.595+01:00;33;255;255;0;0;268;288;510;288;222;0;0;288;0;269.1838751392954;268
2025-11-23T09:08:10.586+01:00;33;255;262;0;0;268;288;524;288;236;0;0;288;0;272.64468927262874;268
2025-11-23T09:08:10.587+01:00;33;262;262;0;0;268;295;524;295;229;0;0;295;0;272.6447452504065;268
2025-11-23T09:08:10.594+01:00;23;262;262;0;0;268;285;524;285;239;0;0;285;0;272.64515420596206;268
2025-11-23T09:09:10.584+01:00;23;262;265;0;0;268;285;530;285;245;0;0;285;0;276.2378886504065;268
2025-11-23T09:09:10.585+01:00;23;265;265;0;0;268;288;530;288;242;0;0;288;0;276.23794780596205;268
2025-11-23T09:09:10.592+01:00;22;265;265;0;0;268;287;530;287;243;0;0;287;0;276.23836360596204;268
2025-11-23T09:13:11.580+01:00;22;265;286;0;0;268;287;572;287;285;0;0;287;0;293.0271942726287;268
2025-11-23T09:13:11.581+01:00;22;286;286;0;0;268;308;572;308;264;0;0;308;0;293.02725880596205;268
2025-11-23T09:13:11.588+01:00;1372;286;286;0;0;268;1658;572;572;0;228;1086;800;858;293.02671815555556;268
2025-11-23T09:18:37.569+01:00;1372;286;315;0;0;268;1658;630;630;0;170;1028;800;858;272.77205075789476;268
2025-11-23T09:18:37.570+01:00;1372;264;315;0;0;268;1636;630;630;0;170;1006;800;836;272.77198862339185;268
2025-11-23T09:18:37.571+01:00;1372;264;315;0;0;295;1636;630;630;0;170;1006;800;836;272.77192648888894;268
2025-11-23T09:18:37.577+01:00;0;264;315;0;0;295;264;630;264;366;0;0;264;0;272.77246328888896;268
2025-11-23T09:18:37.581+01:00;0;264;315;51;0;295;264;630;264;366;0;0;264;0;272.7728211555556;268.00004986666664
2025-11-23T09:23:37.560+01:00;0;264;328;51;0;295;264;656;264;392;0;0;264;0;301.5174755555556;271.7397880666666
2025-11-23T09:23:37.561+01:00;0;259;328;51;0;295;259;656;259;397;0;0;259;0;301.51757260000005;271.73980053333327
2025-11-23T09:23:37.572+01:00;0;259;328;69;0;295;259;656;259;397;0;0;259;0;301.51864008888896;271.7399860666666
2025-11-23T09:28:03.606+01:00;0;259;373;69;0;295;259;746;259;487;0;0;259;0;333.1885098222223;276.22709286666657
2025-11-23T09:28:03.607+01:00;0;257;373;69;0;295;257;746;257;489;0;0;257;0;333.18862935555563;276.22710973333324
2025-11-23T09:28:03.625+01:00;0;257;373;116;0;295;257;746;257;489;0;0;257;0;333.1907809555556;276.22762013333323
2025-11-23T09:33:03.595+01:00;0;257;394;116;0;295;257;788;257;531;0;0;257;0;372.1268869555556;284.7334361333332
2025-11-23T09:33:03.597+01:00;0;234;394;116;0;322;234;788;234;554;0;0;234;0;372.1271578000001;284.7334928444443
2025-11-23T09:33:03.608+01:00;0;234;394;160;0;322;234;788;234;554;0;0;234;0;372.12864744444454;284.73392306666653
2025-11-23T09:38:29.583+01:00;0;234;371;160;0;322;234;742;234;508;0;0;234;0;412.60749855555565;297.483167511111
2025-11-23T09:38:29.585+01:00;0;234;371;160;0;349;234;742;234;508;0;0;234;0;412.6077469111112;297.4832457333332
2025-11-23T09:38:29.600+01:00;0;234;371;137;0;349;234;742;234;508;0;0;234;0;412.60960957777786;297.4837480666665
2025-11-23T09:43:31.590+01:00;0;234;386;137;0;349;234;772;234;538;0;0;234;0;452.32465002222233;307.59705762222205
2025-11-23T09:43:31.662+01:00;0;226;386;137;0;349;226;772;226;546;0;0;226;0;452.3342596222223;307.59946882222204
2025-11-23T09:43:31.678+01:00;0;226;386;160;0;349;226;772;226;546;0;0;226;0;452.336395088889;307.6000945999998
2025-11-23T09:48:57.616+01:00;0;226;354;160;0;349;226;708;226;482;0;0;226;0;490.73913455555567;320.34789193333313
2025-11-23T09:48:57.617+01:00;0;247;354;160;0;349;247;708;247;461;0;0;247;0;490.7392472444445;320.34793104444424
2025-11-23T09:48:57.618+01:00;0;247;354;160;0;376;247;708;247;461;0;0;247;0;490.7393599333334;320.34797015555534
2025-11-23T09:48:57.634+01:00;0;247;354;107;0;376;247;708;247;461;0;0;247;0;490.74116295555564;320.34838864444424
2025-11-23T09:53:59.649+01:00;0;247;403;107;0;376;247;806;247;559;0;0;247;0;532.0098348444445;328.24775875555537
2025-11-23T09:53:59.650+01:00;0;250;403;107;0;376;250;806;250;556;0;0;250;0;532.0099707555556;328.2477849111109
2025-11-23T09:53:59.661+01:00;0;250;403;153;0;376;250;806;250;556;0;0;250;0;532.0114657777779;328.2481963111109
2025-11-23T09:59:26.583+01:00;0;250;440;153;0;376;250;880;250;630;0;0;250;0;582.3574537777779;340.4750791111109
2025-11-23T09:59:26.584+01:00;0;247;440;153;0;376;247;880;247;633;0;0;247;0;582.3576085111113;340.4751165111109
2025-11-23T09:59:26.599+01:00;0;247;440;193;0;376;247;880;247;633;0;0;247;0;582.3599295111113;340.47582417777755
2025-11-23T10:03:26.603+01:00;0;247;475;193;0;376;247;950;247;703;0;0;247;0;623.6032835555558;351.79867955555534
2025-11-23T10:03:26.604+01:00;0;285;475;193;0;376;285;950;285;665;0;0;285;0;623.6034461111113;351.7987267333331
2025-11-23T10:03:26.605+01:00;0;285;475;193;0;403;285;950;285;665;0;0;285;0;623.6036086666669;351.7987739111109
2025-11-23T10:03:26.615+01:00;0;285;475;190;0;403;285;950;285;665;0;0;285;0;623.6052342222224;351.79923835555536
2025-11-23T10:08:53.444+01:00;0;285;500;190;0;403;285;1000;285;715;0;0;285;0;680.7276805555557;366.9786296888887
2025-11-23T10:08:53.449+01:00;0;229;500;190;0;403;229;1000;229;771;0;0;229;0;680.728622888889;366.9788619111109
2025-11-23T10:08:53.466+01:00;0;229;500;271;0;403;229;1000;229;771;0;0;229;0;680.7318268222224;366.97998806666646
2025-11-23T10:13:54.596+01:00;0;229;526;271;0;403;229;1052;229;823;0;0;229;0;741.3124910444446;386.928177622222
2025-11-23T10:13:54.597+01:00;0;799;526;271;0;403;799;1052;799;253;0;0;799;0;741.3125528888891;386.92824386666643
2025-11-23T10:13:54.604+01:00;1284;799;526;271;0;403;2083;1052;800;252;0;1283;800;1283;741.312984088889;386.9287075777776
2025-11-23T10:13:54.612+01:00;1284;799;526;0;0;403;2083;1052;800;252;0;1283;800;1283;741.313476888889;386.9287075777776
2025-11-23T10:13:54.613+01:00;1284;799;526;0;273;403;2083;1052;800;252;0;1283;800;1283;741.313538488889;386.9286150981028
2025-11-23T10:19:20.412+01:00;1284;799;583;0;273;403;2083;1166;800;366;0;1283;800;1283;770.4616890222223;356.7988295289971
2025-11-23T10:19:20.413+01:00;1284;800;583;0;273;403;2084;1166;800;366;0;1284;800;1284;770.461778488889;356.7987370493223
2025-11-23T10:19:20.414+01:00;1284;800;583;0;273;376;2084;1166;800;366;0;1284;800;1284;770.4618679555556;356.79864456964754
2025-11-23T10:19:20.415+01:00;1294;800;583;0;273;376;2094;1166;800;366;0;1294;800;1294;770.4619574222222;356.79855208997276
2025-11-23T10:19:20.430+01:00;1294;800;583;0;217;376;2094;1166;800;366;0;1294;800;1294;770.4632994222222;356.79744944769635
2025-11-23T10:23:20.599+01:00;1294;800;636;0;217;376;2094;1272;800;472;0;1294;800;1294;798.1734649333333;339.14274992195107
2025-11-23T10:23:20.600+01:00;1294;799;636;0;217;376;2093;1272;800;472;0;1293;800;1293;798.1735803111111;339.14267641246596
2025-11-23T10:23:20.601+01:00;1294;799;636;0;217;349;2093;1272;800;472;0;1293;800;1293;798.1736956888889;339.14260290298085
2025-11-23T10:23:20.607+01:00;1273;799;636;0;217;349;2072;1272;800;472;0;1272;800;1272;798.1743879555555;339.1421618460703
2025-11-23T10:23:20.612+01:00;1273;799;636;0;163;349;2072;1272;800;472;0;1272;800;1272;798.1749648444444;339.14186396595335
2025-11-23T10:27:21.572+01:00;1273;799;659;0;163;349;2072;1318;800;518;0;1272;800;1272;828.6858555111111;324.7864253694621
2025-11-23T10:27:21.573+01:00;1273;234;659;0;163;349;1507;1318;800;518;0;707;800;707;828.6859821333333;324.78636579343873
2025-11-23T10:27:21.574+01:00;1273;234;659;0;163;376;1507;1318;800;518;0;707;800;707;828.6861087555554;324.78630621741536
2025-11-23T10:27:21.580+01:00;4;234;659;0;163;376;238;1318;238;1080;0;0;238;0;828.6876927555554;324.785948761275
2025-11-23T10:27:21.584+01:00;4;234;659;425;163;376;238;1318;238;1080;0;0;238;0;828.6887487555554;324.786126012737
2025-11-23T10:27:21.585+01:00;4;234;659;425;0;376;238;1318;238;1080;0;0;238;0;828.6890127555554;324.78622990162586
2025-11-23T10:28:21.552+01:00;4;234;677;425;0;376;238;1354;238;1116;0;0;238;0;845.0480103555553;331.01613490162583
2025-11-23T10:28:21.554+01:00;4;232;677;425;0;376;236;1354;236;1118;0;0;236;0;845.0485569333331;331.01634267940364
2025-11-23T10:28:21.561+01:00;0;232;677;425;0;376;232;1354;232;1122;0;0;232;0;845.0504767999997;331.01706990162586
2025-11-23T10:28:21.565+01:00;0;232;677;445;0;376;232;1354;232;1122;0;0;232;0;845.0515738666664;331.017505012737
2025-11-23T10:29:47.413+01:00;0;232;690;445;0;376;232;1380;232;1148;0;0;232;0;869.1424303999997;340.35585967940364
2025-11-23T10:29:47.414+01:00;0;233;690;445;0;376;233;1380;233;1147;0;0;233;0;869.1427107777776;340.3559684571814
2025-11-23T10:29:47.415+01:00;0;233;690;445;0;403;233;1380;233;1147;0;0;233;0;869.1429911555554;340.3560772349592
2025-11-23T10:29:47.416+01:00;12;233;690;445;0;403;245;1380;245;1135;0;0;245;0;869.1432685999998;340.35618601273694
2025-11-23T10:29:47.431+01:00;12;233;690;457;0;403;245;1380;245;1135;0;0;245;0;869.1474302666664;340.3578616794036
2025-11-23T10:30:47.576+01:00;12;233;638;457;0;403;245;1276;245;1031;0;0;245;0;884.305306822222;347.07672645718134
2025-11-23T10:30:47.578+01:00;12;229;638;457;0;403;241;1276;241;1035;0;0;241;0;884.3058128222219;347.07694987940357
2025-11-23T10:30:47.579+01:00;0;229;638;457;0;403;229;1276;229;1047;0;0;229;0;884.3060687555552;347.0770615905147
2025-11-23T10:30:47.593+01:00;0;229;638;409;0;403;229;1276;229;1047;0;0;229;0;884.3096518222219;347.0784612794036
2025-11-23T10:31:47.597+01:00;0;229;658;409;0;403;229;1316;229;1087;0;0;229;0;900.253381333333;353.0775278571814
2025-11-23T10:31:47.599+01:00;0;227;658;409;0;403;227;1316;227;1089;0;0;227;0;900.253913733333;353.07772781273695
2025-11-23T10:31:47.610+01:00;0;227;658;431;0;403;227;1316;227;1089;0;0;227;0;900.256841933333;353.0788867238481
2025-11-23T10:32:47.578+01:00;0;227;657;431;0;403;227;1314;227;1087;0;0;227;0;916.1910058444441;359.39684867940366
2025-11-23T10:32:47.579+01:00;0;234;657;431;0;403;234;1314;234;1080;0;0;234;0;916.1912698444442;359.3969540349592
2025-11-23T10:32:47.591+01:00;0;234;657;423;0;403;234;1314;234;1080;0;0;234;0;916.1944378444441;359.3981948349592
2025-11-23T10:33:47.568+01:00;0;234;686;423;0;403;234;1372;234;1138;0;0;234;0;932.8787064222219;365.5998166349592
2025-11-23T10:33:47.569+01:00;0;246;686;423;0;403;246;1372;246;1126;0;0;246;0;932.8789816666663;365.5999200349592
2025-11-23T10:33:47.570+01:00;0;246;686;423;0;430;246;1372;246;1126;0;0;246;0;932.8792569111107;365.6000234349592
2025-11-23T10:33:47.581+01:00;0;246;686;440;0;430;246;1372;246;1126;0;0;246;0;932.8822845999996;365.60120654607033
2025-11-23T10:38:47.609+01:00;0;246;796;440;0;430;246;1592;246;1346;0;0;246;0;1031.5981638888884;397.87088476829257
2025-11-23T10:38:47.610+01:00;0;225;796;440;0;430;225;1592;225;1367;0;0;225;0;1031.5984980444439;397.8709923238481
2025-11-23T10:38:47.611+01:00;0;225;796;440;0;456;225;1592;225;1367;0;0;225;0;1031.5988321999994;397.87109987940363
2025-11-23T10:38:47.622+01:00;0;225;796;571;0;456;225;1592;225;1367;0;0;225;0;1031.6025079111105;397.8726352349592
2025-11-23T10:44:14.567+01:00;0;225;888;571;0;456;225;1776;225;1551;0;0;225;0;1155.5582555777771;443.50689179051477
2025-11-23T10:44:14.568+01:00;0;236;888;571;0;456;236;1776;236;1540;0;0;236;0;1155.5586320222217;443.50703136829253
2025-11-23T10:44:14.569+01:00;0;236;888;571;0;510;236;1776;236;1540;0;0;236;0;1155.5590084666662;443.5071709460703
2025-11-23T10:44:14.586+01:00;0;236;888;652;0;510;236;1776;236;1540;0;0;236;0;1155.5654080222218;443.5098803682925
2025-11-23T10:45:14.562+01:00;0;236;894;652;0;510;236;1788;236;1552;0;0;236;0;1178.3189696222219;453.0687219682925
2025-11-23T10:45:14.563+01:00;0;241;894;652;0;510;241;1788;241;1547;0;0;241;0;1178.3193477777775;453.06888134607027
2025-11-23T10:45:14.575+01:00;0;241;894;653;0;510;241;1788;241;1547;0;0;241;0;1178.323885644444;453.07079681273694
2025-11-23T10:46:14.594+01:00;0;241;912;653;0;510;241;1824;241;1583;0;0;241;0;1201.5485711333329;462.6511629682925
2025-11-23T10:46:14.595+01:00;0;221;912;653;0;510;221;1824;221;1603;0;0;221;0;1201.5489629777774;462.6513225905147
2025-11-23T10:46:14.596+01:00;0;221;912;653;0;537;221;1824;221;1603;0;0;221;0;1201.5493548222219;462.65148221273694
2025-11-23T10:46:14.602+01:00;9;221;912;653;0;537;230;1824;230;1594;0;0;230;0;1201.5516926888886;462.6524399460703
2025-11-23T10:46:14.612+01:00;9;221;912;691;0;537;230;1824;230;1594;0;0;230;0;1201.5555891333331;462.65412905718136
2025-11-23T10:47:14.566+01:00;9;221;896;691;0;537;230;1792;230;1562;0;0;230;0;1224.4473586444442;472.7810258127369
2025-11-23T10:47:14.567+01:00;9;232;896;691;0;537;241;1792;241;1551;0;0;241;0;1224.4477377777775;472.78119472384805
2025-11-23T10:47:14.575+01:00;0;232;896;691;0;537;232;1792;232;1560;0;0;232;0;1224.4507884444442;472.78254601273693
2025-11-23T10:47:14.582+01:00;0;232;896;664;0;537;232;1792;232;1560;0;0;232;0;1224.4534577777777;472.7836821905147
2025-11-23T10:48:14.568+01:00;0;232;887;664;0;537;232;1774;232;1542;0;0;232;0;1247.064180711111;482.5200765016258
2025-11-23T10:48:14.569+01:00;0;223;887;664;0;537;223;1774;223;1551;0;0;223;0;1247.0645598444444;482.5202388127369
2025-11-23T10:48:14.576+01:00;17;223;887;664;0;537;240;1774;240;1534;0;0;240;0;1247.0671846888888;482.5213749905147
2025-11-23T10:49:14.602+01:00;17;223;912;664;0;537;240;1824;240;1584;0;0;240;0;1270.3092518888889;492.26426174607025
2025-11-23T10:49:14.603+01:00;17;227;912;664;0;537;244;1824;244;1580;0;0;244;0;1270.309638111111;492.2644240571814
2025-11-23T10:49:14.604+01:00;17;227;912;664;0;564;244;1824;244;1580;0;0;244;0;1270.3100243333333;492.2645863682925
2025-11-23T10:49:14.610+01:00;10;227;912;664;0;564;237;1824;237;1587;0;0;237;0;1270.3123519333333;492.26556023495914
2025-11-23T10:49:14.614+01:00;10;227;912;685;0;564;237;1824;237;1587;0;0;237;0;1270.3139036666666;492.2662300127369
2025-11-23T10:53:41.664+01:00;10;227;904;685;0;564;237;1808;237;1571;0;0;237;0;1372.867038111111;536.9822689016258
2025-11-23T10:53:41.665+01:00;10;306;904;685;0;564;316;1808;316;1492;0;0;316;0;1372.8674028222222;536.9824363460702
2025-11-23T10:53:41.666+01:00;10;306;904;685;0;591;316;1808;316;1492;0;0;316;0;1372.8677675333333;536.9826037905146
2025-11-23T10:53:41.672+01:00;0;306;904;685;0;591;306;1808;306;1502;0;0;306;0;1372.8699704666667;536.9836084571813
2025-11-23T10:53:41.676+01:00;0;306;904;598;0;591;306;1808;306;1502;0;0;306;0;1372.871439088889;536.9841931682923
2025-11-23T10:58:44.720+01:00;0;306;963;598;0;591;306;1926;306;1620;0;0;306;0;1492.876863088889;581.2824916571813
2025-11-23T10:58:44.721+01:00;0;256;963;598;0;591;256;1926;256;1670;0;0;256;0;1492.8772713111111;581.282637834959
2025-11-23T10:58:44.722+01:00;0;256;963;598;0;645;256;1926;256;1670;0;0;256;0;1492.8776795333333;581.2827840127368
2025-11-23T10:58:44.729+01:00;9;256;963;598;0;645;265;1926;265;1661;0;0;265;0;1492.8805216888888;581.2838072571813
2025-11-23T10:58:44.733+01:00;9;256;963;707;0;645;265;1926;265;1661;0;0;265;0;1492.8821457777779;581.2844985460702
2025-11-23T11:03:11.594+01:00;9;256;975;707;0;645;265;1950;265;1685;0;0;265;0;1602.7992265555556;627.4040095905146
2025-11-23T11:03:11.595+01:00;9;245;975;707;0;645;254;1950;254;1696;0;0;254;0;1602.7996411333334;627.4041824127369
2025-11-23T11:03:11.596+01:00;9;245;975;707;0;698;254;1950;254;1696;0;0;254;0;1602.800055711111;627.4043552349591
2025-11-23T11:03:11.602+01:00;19;245;975;707;0;698;264;1950;264;1686;0;0;264;0;1602.8025285111112;627.4053921682925
2025-11-23T11:03:11.607+01:00;19;245;975;730;0;698;264;1950;264;1686;0;0;264;0;1602.8045891777779;627.4062843905147
2025-11-23T11:04:11.635+01:00;19;245;916;730;0;698;264;1832;264;1568;0;0;264;0;1625.8126546;638.1179475016257
2025-11-23T11:04:11.636+01:00;19;273;916;730;0;698;292;1832;292;1540;0;0;292;0;1625.8130310444446;638.1181259460702
2025-11-23T11:04:11.642+01:00;19;273;916;730;0;725;292;1832;292;1540;0;0;292;0;1625.8152897111113;638.1191966127369
2025-11-23T11:04:11.643+01:00;0;273;916;730;0;725;273;1832;273;1559;0;0;273;0;1625.8156708000001;638.1193750571814
2025-11-23T11:04:11.649+01:00;0;273;916;643;0;725;273;1832;273;1559;0;0;273;0;1625.8179573333334;638.120318123848
2025-11-23T11:05:12.602+01:00;0;273;946;643;0;725;273;1892;273;1619;0;0;273;0;1649.9404457111111;647.700775212737
2025-11-23T11:05:12.604+01:00;0;255;946;643;0;725;255;1892;255;1637;0;0;255;0;1649.9412460222222;647.7010895682926
2025-11-23T11:05:12.614+01:00;0;255;946;691;0;725;255;1892;255;1637;0;0;255;0;1649.9452475777778;647.7027786794037
2025-11-23T11:06:12.590+01:00;0;255;896;691;0;725;255;1792;255;1537;0;0;255;0;1672.4788971777778;657.8333914794036
2025-11-23T11:06:12.591+01:00;0;253;896;691;0;725;253;1792;253;1539;0;0;253;0;1672.4792733777776;657.8335603905148
2025-11-23T11:06:12.602+01:00;0;253;896;643;0;725;253;1792;253;1539;0;0;253;0;1672.4834115777776;657.8352893460703
2025-11-23T11:07:12.580+01:00;0;253;925;643;0;725;253;1850;253;1597;0;0;253;0;1695.8974899333332;667.2624981016259
2025-11-23T11:07:12.581+01:00;0;264;925;643;0;725;264;1850;264;1586;0;0;264;0;1695.897877622222;667.2626552794036
2025-11-23T11:07:12.582+01:00;0;264;925;643;0;752;264;1850;264;1586;0;0;264;0;1695.898265311111;667.2628124571813
2025-11-23T11:07:12.593+01:00;0;264;925;661;0;752;264;1850;264;1586;0;0;264;0;1695.9025298888887;667.2645898127369
2025-11-23T11:08:12.584+01:00;0;264;937;661;0;752;264;1874;264;1610;0;0;264;0;1719.512321222222;676.9578022794035
2025-11-23T11:08:12.585+01:00;0;262;937;661;0;752;262;1874;262;1612;0;0;262;0;1719.5127152666664;676.9579638571813
2025-11-23T11:08:12.597+01:00;0;262;937;675;0;752;262;1874;262;1612;0;0;262;0;1719.5174437999997;676.9599438571813
2025-11-23T11:09:12.581+01:00;0;262;943;675;0;752;262;1886;262;1624;0;0;262;0;1743.329758822222;686.8573038571814
2025-11-23T11:09:12.582+01:00;0;261;943;675;0;752;261;1886;261;1625;0;0;261;0;1743.3301560444443;686.8574688571814
2025-11-23T11:09:12.589+01:00;1;261;943;675;0;752;262;1886;262;1624;0;0;262;0;1743.3329348888888;686.8586238571814
2025-11-23T11:09:12.593+01:00;1;261;943;682;0;752;262;1886;262;1624;0;0;262;0;1743.3345227999998;686.8592907016259
2025-11-23T11:13:39.611+01:00;1;261;1038;682;0;752;262;2076;262;1800;0;0;262;0;1860.8224427999999;731.3741581682926
2025-11-23T11:13:39.612+01:00;1;209;1038;682;0;752;210;2076;210;1800;0;0;210;0;1860.8228828;731.3743248794037
2025-11-23T11:13:39.613+01:00;1;209;1038;682;0;806;210;2076;210;1800;0;0;210;0;1860.8233228;731.3744915905148
2025-11-23T11:13:39.620+01:00;0;209;1038;682;0;806;209;2076;209;1800;0;0;209;0;1860.8264027999999;731.3756585682926
2025-11-23T11:13:39.624+01:00;0;209;1038;829;0;806;209;2076;209;1800;0;0;209;0;1860.8281628;731.3764691460703
2025-11-23T11:18:43.598+01:00;0;209;1000;829;0;806;209;2000;209;1791;0;0;209;0;1993.90798;792.9751115016259
2025-11-23T11:18:43.599+01:00;0;218;1000;829;0;806;218;2000;218;1782;0;0;218;0;1993.9084156;792.9753141460703
2025-11-23T11:18:43.600+01:00;0;218;1000;829;0;860;218;2000;218;1782;0;0;218;0;1993.9088511999998;792.9755167905148
2025-11-23T11:18:43.606+01:00;7;218;1000;829;0;860;225;2000;225;1775;0;0;225;0;1993.9114545333332;792.9767326571815
2025-11-23T11:18:43.611+01:00;7;218;1000;782;0;860;225;2000;225;1775;0;0;225;0;1993.9136239777777;792.9776884349593
2025-11-23T11:24:10.623+01:00;7;218;1003;782;0;860;225;2006;225;1781;0;0;225;0;2136.280114911111;855.4878489682926
2025-11-23T11:24:10.630+01:00;7;800;1003;782;0;860;807;2006;800;1206;0;7;800;7;2136.282178511111;855.4891870571815
2025-11-23T11:24:10.632+01:00;7;800;1003;782;0;913;807;2006;800;1206;0;7;800;7;2136.2827681111107;855.4895693682927
2025-11-23T11:24:10.636+01:00;1278;800;1003;782;0;913;2078;2006;800;1206;0;1278;800;1278;2136.2839473111108;855.490333990515
2025-11-23T11:24:10.651+01:00;1278;800;1003;203;0;913;2078;2006;800;1206;0;1278;800;1278;2136.2883693111107;855.4910783238483
2025-11-23T11:29:11.587+01:00;1278;800;1007;203;0;913;2078;2014;800;1214;0;1278;800;1278;2225.5927991777776;870.424191390515
2025-11-23T11:29:11.588+01:00;1278;242;1007;203;0;913;1520;2014;800;1214;0;720;800;720;2225.593095933333;870.4242410127373
2025-11-23T11:29:11.589+01:00;1278;242;1007;203;0;940;1520;2014;800;1214;0;720;800;720;2225.593392688889;870.4242906349596
2025-11-23T11:29:11.595+01:00;0;242;1007;203;0;940;242;2014;242;1772;0;0;242;0;2225.5959916222223;870.4245883682929
2025-11-23T11:29:11.599+01:00;0;242;1007;765;0;940;242;2014;242;1772;0;0;242;0;2225.5977242444446;870.425336368293
2025-11-23T11:34:38.677+01:00;0;242;1016;765;0;940;242;2032;242;1790;0;0;242;0;2368.7125202444445;931.588922368293
2025-11-23T11:34:38.679+01:00;0;221;1016;765;0;940;221;2032;221;1800;0;0;221;0;2368.7134002444445;931.5892963682929
2025-11-23T11:34:38.685+01:00;0;221;1016;765;0;994;221;2032;221;1800;0;0;221;0;2368.7160402444447;931.590418368293
2025-11-23T11:34:38.686+01:00;15;221;1016;765;0;994;236;2032;236;1796;0;0;236;0;2368.7164792666667;931.5906053682929
2025-11-23T11:34:38.690+01:00;15;221;1016;795;0;994;236;2032;236;1796;0;0;236;0;2368.7182353555554;931.5913827016262
2025-11-23T11:39:39.590+01:00;15;221;1017;795;0;994;236;2034;236;1798;0;0;236;0;2500.967128688889;990.0662827016263
2025-11-23T11:39:39.591+01:00;15;217;1017;795;0;994;232;2034;232;1800;0;0;232;0;2500.9675686888886;990.0664770349596
2025-11-23T11:39:39.592+01:00;15;217;1017;795;0;1075;232;2034;232;1800;0;0;232;0;2500.9680086888884;990.0666713682929
2025-11-23T11:39:39.598+01:00;0;217;1017;795;0;1075;217;2034;217;1800;0;0;217;0;2500.9706486888886;990.0678373682929
2025-11-23T11:39:39.603+01:00;0;217;1017;800;0;1075;217;2034;217;1800;0;0;217;0;2500.9728486888885;990.0688151460706
2025-11-23T11:44:06.564+01:00;0;217;1026;800;0;1075;217;2052;217;0;0;0;217;0;2607;1042.2745218127372
2025-11-23T11:44:06.565+01:00;0;187;1026;800;0;1075;187;2052;187;0;0;0;187;0;2607;1042.2747173682928
2025-11-23T11:44:06.566+01:00;0;187;1026;800;0;1128;187;2052;187;0;0;0;187;0;2607;1042.2749129238484
2025-11-23T11:44:06.581+01:00;0;187;1026;839;0;1128;187;2052;187;0;0;0;187;0;2607;1042.2779892571818
2025-11-23T11:49:06.577+01:00;0;187;1028;839;0;1128;187;2056;187;0;0;0;187;0;2607;1103.803835568293
2025-11-23T11:49:06.578+01:00;0;273;1028;839;0;1128;273;2056;273;0;0;0;273;0;2607;1103.8040406571818
2025-11-23T11:49:06.579+01:00;0;273;1028;839;0;1182;273;2056;273;0;0;0;273;0;2607;1103.8042457460706
2025-11-23T11:49:06.596+01:00;0;273;1028;755;0;1182;273;2056;273;0;0;0;273;0;2607;1103.807383190515
2025-11-23T11:54:32.621+01:00;0;273;1044;755;0;1182;273;2088;273;0;0;0;273;0;2607;1163.977108190515
2025-11-23T11:54:32.622+01:00;0;216;1044;755;0;1182;216;2088;216;0;0;0;216;0;2607;1163.9772927460706
2025-11-23T11:54:32.623+01:00;0;216;1044;755;0;1263;216;2088;216;0;0;0;216;0;2607;1163.977477301626
2025-11-23T11:54:32.637+01:00;0;216;1044;828;0;1263;216;2088;216;0;0;0;216;0;2607;1163.9803109016261
2025-11-23T11:59:35.581+01:00;0;216;1036;828;0;1263;216;2072;216;0;0;0;216;0;2607;1225.2961765016262
2025-11-23T11:59:35.582+01:00;0;263;1036;828;0;1263;263;2072;263;0;0;0;263;0;2607;1225.2963789016262
2025-11-23T11:59:35.583+01:00;0;263;1036;828;0;1317;263;2072;263;0;0;0;263;0;2607;1225.2965813016262
2025-11-23T11:59:35.589+01:00;2;263;1036;828;0;1317;265;2072;265;0;0;0;265;0;2607;1225.2977957016262
2025-11-23T11:59:35.593+01:00;2;263;1036;773;0;1317;265;2072;265;0;0;0;265;0;2607;1225.2985515238483
2025-11-23T12:05:01.623+01:00;2;263;979;773;0;1317;265;1958;265;0;0;0;265;0;2607;1286.903731301626
2025-11-23T12:05:01.624+01:00;2;290;979;773;0;1317;292;1958;292;0;0;0;292;0;2607;1286.9039202571817
2025-11-23T12:05:01.625+01:00;2;290;979;773;0;1370;292;1958;292;0;0;0;292;0;2607;1286.9041092127372
2025-11-23T12:05:01.626+01:00;0;290;979;773;0;1370;290;1958;290;0;0;0;290;0;2607;1286.9042981682928
2025-11-23T12:05:01.639+01:00;0;290;979;689;0;1370;290;1958;290;0;0;0;290;0;2607;1286.9064876571817
2025-11-23T12:09:04.587+01:00;0;290;279;689;0;1370;290;558;290;0;0;0;290;0;2607;1327.824329701626
2025-11-23T12:09:04.588+01:00;0;289;279;689;0;1370;289;558;289;0;0;0;289;0;2607;1327.8244981238483
2025-11-23T12:09:04.589+01:00;0;289;279;689;0;1397;289;558;289;0;0;0;289;0;2607;1327.8246665460706
2025-11-23T12:09:04.604+01:00;0;289;279;0;0;1397;289;558;289;0;0;0;289;0;2607;1327.8246665460706
2025-11-23T12:09:04.605+01:00;0;289;279;0;10;1397;289;558;289;0;0;0;289;0;2607;1327.8246625778165
2025-11-23T12:14:31.460+01:00;0;289;898;0;10;1397;289;1796;289;0;0;0;289;0;2607;1326.5276189270228
2025-11-23T12:14:31.461+01:00;0;217;898;0;10;1397;217;1796;217;0;0;0;217;0;2607;1326.5276149587687
2025-11-23T12:14:31.462+01:00;0;217;898;0;10;1424;217;1796;217;0;0;0;217;0;2607;1326.5276109905146
2025-11-23T12:14:31.478+01:00;0;217;898;681;10;1424;217;1796;217;0;0;0;217;0;2607;1326.530210965118
2025-11-23T12:14:31.479+01:00;0;217;898;681;0;1424;217;1796;217;0;0;0;217;0;2607;1326.5303774317847
2025-11-23T12:19:32.590+01:00;0;217;923;681;0;1424;217;1846;217;0;0;0;217;0;2607;1376.6553218984513
2025-11-23T12:19:32.591+01:00;0;799;923;681;0;1424;799;1846;799;0;0;0;799;0;2607;1376.6554883651181
2025-11-23T12:19:32.592+01:00;0;799;923;681;0;1451;799;1846;799;0;0;0;799;0;2607;1376.655654831785
2025-11-23T12:19:32.598+01:00;852;799;923;681;0;1451;1651;1846;800;0;0;851;800;851;2607;1376.6566536317848
2025-11-23T12:19:32.608+01:00;852;799;923;124;0;1451;1651;1846;800;0;0;851;800;851;2607;1376.656956742896
2025-11-23T12:24:59.421+01:00;852;799;913;124;0;1451;1651;1826;800;0;0;851;800;851;2607;1386.5630218984516
2025-11-23T12:24:59.422+01:00;852;602;913;124;0;1451;1454;1826;800;0;0;654;800;654;2607;1386.5630522095626
2025-11-23T12:24:59.423+01:00;852;602;913;124;0;1478;1454;1826;800;0;0;654;800;654;2607;1386.5630825206736
2025-11-23T12:24:59.424+01:00;0;602;913;124;0;1478;602;1826;602;0;0;0;602;0;2607;1386.5631128317846
2025-11-23T12:24:59.439+01:00;0;602;913;311;0;1478;602;1826;602;0;0;0;602;0;2607;1386.5642531651179
2025-11-23T12:30:01.601+01:00;0;602;417;311;0;1478;602;834;602;0;0;0;602;0;2607;1409.535279876229
2025-11-23T12:30:01.602+01:00;0;730;417;311;0;1478;730;834;730;0;0;0;730;0;2607;1409.5353558984511
2025-11-23T12:30:01.608+01:00;0;730;417;0;0;1478;730;834;730;0;0;0;730;0;2607;1409.5353558984511
2025-11-23T12:30:01.609+01:00;0;730;417;0;313;1478;730;834;730;0;0;0;730;0;2607;1409.535249868641
2025-11-23T12:32:01.588+01:00;0;730;379;0;313;1478;730;758;730;0;0;0;730;0;2607;1396.8138992588847
2025-11-23T12:32:01.589+01:00;0;490;379;0;313;1478;490;758;490;0;0;0;490;0;2607;1396.8137932290745
2025-11-23T12:32:01.597+01:00;1327;490;379;0;313;1478;1817;758;758;0;42;1059;800;1017;2606.9998666666665;1396.812944990592
2025-11-23T12:32:01.601+01:00;1327;490;379;0;111;1478;1817;758;758;0;42;1059;800;1017;2606.9998;1396.8127827098904
2025-11-23T12:33:01.571+01:00;1327;490;377;0;111;1478;1817;754;754;0;46;1063;800;1017;2605.9051095238096;1394.3797892888376
2025-11-23T12:33:01.572+01:00;1327;590;377;0;111;1478;1917;754;754;0;46;1163;800;1117;2605.9050912698413;1394.379748718662
2025-11-23T12:33:01.579+01:00;0;590;377;0;111;1478;590;754;590;164;0;0;590;0;2605.9053718920636;1394.379464727434
2025-11-23T12:33:01.583+01:00;0;590;377;0;213;1478;590;754;590;164;0;0;590;0;2605.9055322476192;1394.3791761095479
2025-11-23T12:34:01.573+01:00;0;590;386;0;213;1478;590;772;590;0;0;0;590;0;2607;1390.0506293615804
2025-11-23T12:34:01.574+01:00;0;363;386;0;213;1478;363;772;363;0;0;0;363;0;2607;1390.0505572071088
2025-11-23T12:34:01.581+01:00;7;363;386;0;213;1478;370;772;370;0;0;0;370;0;2607;1390.050052125808
2025-11-23T12:34:01.585+01:00;7;363;386;23;213;1478;370;772;370;0;0;0;370;0;2607;1390.0497859968107
2025-11-23T12:34:01.586+01:00;7;363;386;23;0;1478;370;772;370;0;0;0;370;0;2607;1390.049791619033
2025-11-23T12:35:27.416+01:00;7;363;438;23;0;1478;370;876;370;0;0;0;370;0;2607;1390.5323469523662
2025-11-23T12:35:27.417+01:00;7;375;438;23;0;1478;382;876;382;0;0;0;382;0;2607;1390.5323525745885
2025-11-23T12:35:27.419+01:00;0;375;438;23;0;1478;375;876;375;0;0;0;375;0;2607;1390.532363819033
2025-11-23T12:35:27.434+01:00;0;375;438;63;0;1478;375;876;375;0;0;0;375;0;2607;1390.532594819033
2025-11-23T12:36:27.592+01:00;0;375;428;63;0;1478;375;856;375;0;0;0;375;0;2607;1391.459028019033
2025-11-23T12:36:27.594+01:00;0;381;428;63;0;1478;381;856;381;0;0;0;381;0;2607;1391.459058819033
2025-11-23T12:36:27.595+01:00;417;381;428;63;0;1478;798;856;798;0;0;0;798;0;2607;1391.459074219033
2025-11-23T12:36:27.608+01:00;417;381;428;47;0;1478;798;856;798;0;0;0;798;0;2607;1391.4592235745886
2025-11-23T12:37:27.570+01:00;417;381;430;47;0;1478;798;860;798;0;0;0;798;0;2607;1392.1481203301441
2025-11-23T12:37:27.571+01:00;417;349;430;47;0;1478;766;860;766;0;0;0;766;0;2607;1392.148131819033
2025-11-23T12:37:27.578+01:00;9;349;430;47;0;1478;358;860;358;0;0;0;358;0;2607;1392.1482122412554
2025-11-23T12:37:27.582+01:00;9;349;430;81;0;1478;358;860;358;0;0;0;358;0;2607;1392.1482914412554
2025-11-23T12:39:27.576+01:00;9;349;378;81;0;1478;358;756;358;0;0;0;358;0;2607;1394.5241726412555
2025-11-23T12:39:27.577+01:00;9;708;378;81;0;1478;717;756;717;0;0;0;717;0;2607;1394.5241924412555
2025-11-23T12:39:27.584+01:00;0;708;378;81;0;1478;708;756;708;0;0;0;708;0;2607;1394.5243310412554
2025-11-23T12:39:27.589+01:00;0;708;378;0;0;1478;708;756;708;0;0;0;708;0;2607;1394.5243310412554
2025-11-23T12:39:27.590+01:00;0;708;378;0;330;1478;708;756;708;0;0;0;708;0;2607;1394.5242192526375
2025-11-23T12:44:27.579+01:00;0;708;372;0;330;1478;708;744;708;0;0;0;708;0;2607;1360.9888635615807
2025-11-23T12:44:27.580+01:00;0;678;372;0;330;1478;678;744;678;0;0;0;678;0;2607;1360.9887517729628
2025-11-23T12:44:27.581+01:00;0;678;372;0;330;1451;678;744;678;0;0;0;678;0;2607;1360.988639984345
2025-11-23T12:44:27.592+01:00;0;678;372;0;306;1451;678;744;678;0;0;0;678;0;2607;1360.9874997404424
2025-11-23T12:49:53.590+01:00;0;678;470;0;306;1451;678;940;678;0;0;0;678;0;2607;1327.1950241306863
2025-11-23T12:49:53.591+01:00;0;513;470;0;306;1451;513;940;513;0;0;0;513;0;2607;1327.1949204721498
2025-11-23T12:49:53.598+01:00;47;513;470;0;306;1451;560;940;560;0;0;0;560;0;2607;1327.1941948623937
2025-11-23T12:49:53.602+01:00;47;513;470;0;43;1451;560;940;560;0;0;0;560;0;2607;1327.1941266084254
2025-11-23T12:52:54.559+01:00;47;513;539;0;43;1451;560;1078;560;0;0;0;560;0;2607;1324.106368275092
2025-11-23T12:52:54.560+01:00;47;370;539;0;43;1451;417;1078;417;0;0;0;417;0;2607;1324.1063512116
2025-11-23T12:52:54.567+01:00;0;370;539;0;43;1451;370;1078;370;0;0;0;370;0;2607;1324.1062317671556
2025-11-23T12:52:54.577+01:00;0;370;539;169;43;1451;370;1078;370;0;0;0;370;0;2607;1324.1064742433462
2025-11-23T12:52:54.578+01:00;0;370;539;169;0;1451;370;1078;370;0;0;0;370;0;2607;1324.1065155544572
2025-11-23T12:53:54.557+01:00;0;370;518;169;0;1451;370;1036;370;0;0;0;370;0;2607;1326.5843146877905
2025-11-23T12:53:54.558+01:00;0;382;518;169;0;1451;382;1036;382;0;0;0;382;0;2607;1326.5843559989016
2025-11-23T12:53:54.569+01:00;0;382;518;136;0;1451;382;1036;382;0;0;0;382;0;2607;1326.5847216877905
2025-11-23T12:54:54.572+01:00;0;382;485;136;0;1451;382;970;382;0;0;0;382;0;2607;1328.5794880877904
2025-11-23T12:54:54.574+01:00;0;405;485;136;0;1451;405;970;405;0;0;0;405;0;2607;1328.5795545766794
2025-11-23T12:54:54.591+01:00;0;405;485;80;0;1451;405;970;405;0;0;0;405;0;2607;1328.5798870211238
2025-11-23T12:56:20.413+01:00;0;405;381;80;0;1451;405;762;405;0;0;0;405;0;2607;1330.2581839100126
2025-11-23T12:56:20.414+01:00;0;366;381;80;0;1451;366;762;366;0;0;0;366;0;2607;1330.2582034655682
2025-11-23T12:56:20.429+01:00;0;366;381;15;0;1451;366;762;366;0;0;0;366;0;2607;1330.2582584655681
2025-11-23T12:57:20.584+01:00;0;366;353;15;0;1451;366;706;366;0;0;0;366;0;2607;1330.4788267989015
2025-11-23T12:57:20.585+01:00;0;309;353;15;0;1451;309;706;309;0;0;0;309;0;2607;1330.4788304655683
2025-11-23T12:57:20.600+01:00;0;309;353;44;0;1451;309;706;309;0;0;0;309;0;2607;1330.4789917989017
2025-11-23T12:58:20.572+01:00;0;309;352;44;0;1451;309;704;309;0;0;0;309;0;2607;1331.1240239766794
2025-11-23T12:58:20.573+01:00;0;210;352;44;0;1451;210;704;210;0;0;0;210;0;2607;1331.124034732235
2025-11-23T12:58:20.584+01:00;0;210;352;142;0;1451;210;704;210;0;0;0;210;0;2607;1331.1244165544572
2025-11-23T12:59:20.589+01:00;0;203;352;142;0;1451;203;704;203;0;0;0;203;0;2607;1333.2072567766795
2025-11-23T12:59:20.600+01:00;0;203;352;149;0;1451;203;704;203;0;0;0;203;0;2607;1333.207657421124
2025-11-23T13:04:21.591+01:00;0;203;346;149;0;1451;203;692;203;0;0;0;203;0;2607;1344.1704185100127
2025-11-23T13:04:21.592+01:00;0;327;346;149;0;1451;327;692;327;0;0;0;327;0;2607;1344.1704549322349
2025-11-23T13:04:21.604+01:00;0;327;346;19;0;1451;327;692;327;0;0;0;327;0;2607;1344.1705106655681
2025-11-23T13:09:47.574+01:00;0;327;370;19;0;1451;327;740;327;0;0;0;327;0;2607;1345.6844602211238
2025-11-23T13:09:47.575+01:00;0;800;370;19;0;1451;800;740;740;0;60;60;800;0;2606.999976190476;1345.6844648655683
2025-11-23T13:09:47.582+01:00;896;800;370;19;0;1451;1696;740;740;0;60;956;800;896;2606.9998095238093;1345.6844973766795
2025-11-23T13:09:47.586+01:00;896;800;370;0;0;1451;1696;740;740;0;60;956;800;896;2606.999714285714;1345.6844973766795
2025-11-23T13:09:47.587+01:00;896;800;370;0;430;1451;1696;740;740;0;60;956;800;896;2606.99969047619;1345.684351712723
2025-11-23T13:14:48.585+01:00;896;800;376;0;430;1451;1696;752;752;0;48;944;800;896;2601.266395238095;1301.8397920921268
2025-11-23T13:14:48.586+01:00;896;161;376;0;430;1451;1057;752;752;0;48;305;800;257;2601.266376190476;1301.8396464281702
2025-11-23T13:14:48.593+01:00;24;161;376;0;430;1451;185;752;185;567;0;0;185;0;2601.267346390476;1301.8386267804738
2025-11-23T13:14:48.598+01:00;24;161;376;215;430;1451;185;752;185;567;0;0;185;0;2601.268039390476;1301.8381612384685
2025-11-23T13:14:48.599+01:00;24;161;376;215;0;1451;185;752;185;567;0;0;185;0;2601.268177990476;1301.838213794024
2025-11-23T13:20:14.579+01:00;24;161;402;215;0;1451;185;804;185;0;0;0;185;0;2607;1318.970273794024
2025-11-23T13:20:14.580+01:00;24;191;402;215;0;1451;215;804;215;0;0;0;215;0;2607;1318.9703263495796
2025-11-23T13:20:14.581+01:00;24;191;402;215;0;1478;215;804;215;0;0;0;215;0;2607;1318.9703789051352
2025-11-23T13:20:14.587+01:00;0;191;402;215;0;1478;191;804;191;0;0;0;191;0;2607;1318.9706942384687
2025-11-23T13:20:14.610+01:00;0;191;402;211;0;1478;191;804;191;0;0;0;191;0;2607;1318.9718805273576
2025-11-23T13:25:14.621+01:00;0;191;715;211;0;1478;191;1430;191;0;0;0;191;0;2607;1334.4457812162466
2025-11-23T13:25:14.622+01:00;0;186;715;211;0;1478;186;1430;186;0;0;0;186;0;2607;1334.4458327940245
2025-11-23T13:25:14.634+01:00;0;186;715;529;0;1478;186;1430;186;0;0;0;186;0;2607;1334.4473845273578
2025-11-23T13:27:41.417+01:00;0;186;936;529;0;1478;186;1872;186;0;0;0;186;0;2607;1353.42805734958
2025-11-23T13:27:41.425+01:00;0;555;936;529;0;1478;555;1872;555;0;0;0;555;0;2607;1353.429091838469
2025-11-23T13:27:41.427+01:00;0;555;936;529;0;1505;555;1872;555;0;0;0;555;0;2607;1353.4293504606912
2025-11-23T13:27:41.429+01:00;819;555;936;529;0;1505;1374;1872;800;0;0;574;800;574;2607;1353.4296090829134
2025-11-23T13:27:41.443+01:00;819;555;936;381;0;1505;1374;1872;800;0;0;574;800;574;2607;1353.43091294958
2025-11-23T13:28:41.634+01:00;819;555;925;381;0;1505;1374;1850;800;0;0;574;800;574;2607;1359.0367014162466
2025-11-23T13:28:41.636+01:00;819;180;925;381;0;1532;999;1850;800;0;0;199;800;199;2607;1359.0368876829132
2025-11-23T13:28:41.637+01:00;0;180;925;381;0;1532;180;1850;180;0;0;0;180;0;2607;1359.0369808162466
2025-11-23T13:28:41.651+01:00;0;180;925;745;0;1532;180;1850;180;0;0;0;180;0;2607;1359.0395303718021
2025-11-23T13:29:42.567+01:00;0;180;950;745;0;1532;180;1900;180;0;0;0;180;0;2607;1370.1330108162465
2025-11-23T13:29:42.569+01:00;0;182;950;745;0;1532;182;1900;182;0;0;0;182;0;2607;1370.1333750384688
2025-11-23T13:29:42.580+01:00;0;182;950;768;0;1532;182;1900;182;0;0;0;182;0;2607;1370.1354401051356
2025-11-23T13:30:42.571+01:00;0;182;925;768;0;1532;182;1850;182;0;0;0;182;0;2607;1381.3977505051355
2025-11-23T13:30:42.572+01:00;0;75;925;768;0;1532;75;1850;75;0;0;0;75;0;2607;1381.397938238469
2025-11-23T13:30:42.573+01:00;0;75;925;768;0;1559;75;1850;75;0;0;0;75;0;2607;1381.3981259718023
2025-11-23T13:30:42.584+01:00;0;75;925;850;0;1559;75;1850;75;0;0;0;75;0;2607;1381.4004115273578
2025-11-23T13:31:42.625+01:00;0;75;912;850;0;1559;75;1824;75;0;0;0;75;0;2607;1393.8755970829134
2025-11-23T13:31:42.626+01:00;0;133;912;850;0;1559;133;1824;133;0;0;0;133;0;2607;1393.8758048606912
2025-11-23T13:31:42.633+01:00;89;133;912;850;0;1559;222;1824;222;0;0;0;222;0;2607;1393.8772593051356
2025-11-23T13:31:42.642+01:00;89;133;912;779;0;1559;222;1824;222;0;0;0;222;0;2607;1393.8789731051356
2025-11-23T13:32:43.565+01:00;89;133;924;779;0;1559;222;1848;222;0;0;0;222;0;2607;1405.4800661495801
2025-11-23T13:32:43.566+01:00;89;204;924;779;0;1559;293;1848;293;0;0;0;293;0;2607;1405.4802565718023
2025-11-23T13:32:43.574+01:00;0;204;924;779;0;1559;204;1848;204;0;0;0;204;0;2607;1405.4817799495802
2025-11-23T13:32:43.578+01:00;0;204;924;720;0;1559;204;1848;204;0;0;0;204;0;2607;1405.4824839495802
2025-11-23T13:34:43.579+01:00;0;204;910;720;0;1559;204;1820;204;0;0;0;204;0;2607;1426.6026599495801
2025-11-23T13:34:43.581+01:00;0;160;910;720;0;1585;160;1820;160;0;0;0;160;0;2607;1426.6030119495802
2025-11-23T13:34:43.588+01:00;47;160;910;720;0;1585;207;1820;207;0;0;0;207;0;2607;1426.6042439495802
2025-11-23T13:34:43.592+01:00;47;160;910;750;0;1585;207;1820;207;0;0;0;207;0;2607;1426.6049772829135
2025-11-23T13:40:09.572+01:00;47;160;872;750;0;1585;207;1744;207;0;0;0;207;0;2607;1486.3679772829134
2025-11-23T13:40:09.573+01:00;47;166;872;750;0;1585;213;1744;213;0;0;0;213;0;2607;1486.3681606162468
2025-11-23T13:40:09.574+01:00;47;166;872;750;0;1639;213;1744;213;0;0;0;213;0;2607;1486.36834394958
2025-11-23T13:40:09.580+01:00;61;166;872;750;0;1639;227;1744;227;0;0;0;227;0;2607;1486.36944394958
2025-11-23T13:40:09.584+01:00;61;166;872;706;0;1639;227;1744;227;0;0;0;227;0;2607;1486.3701342606912
2025-11-23T13:42:09.582+01:00;61;166;842;706;0;1639;227;1684;227;0;0;0;227;0;2607;1507.079122438469
2025-11-23T13:42:09.586+01:00;61;368;842;706;0;1639;429;1684;429;0;0;0;429;0;2607;1507.0798127495802
2025-11-23T13:42:09.592+01:00;61;368;842;706;0;1666;429;1684;429;0;0;0;429;0;2607;1507.080848216247
2025-11-23T13:42:09.594+01:00;65;368;842;706;0;1666;433;1684;433;0;0;0;433;0;2607;1507.0811933718026
2025-11-23T13:42:09.600+01:00;65;368;842;474;0;1666;433;1684;433;0;0;0;433;0;2607;1507.0818885718027
2025-11-23T13:43:09.592+01:00;65;368;837;474;0;1666;433;1674;433;0;0;0;433;0;2607;1514.0329616384693
2025-11-23T13:43:09.597+01:00;65;547;837;474;0;1666;612;1674;612;0;0;0;612;0;2607;1514.0335409718025
2025-11-23T13:43:09.603+01:00;0;547;837;474;0;1666;547;1674;547;0;0;0;547;0;2607;1514.0342361718026
2025-11-23T13:43:09.610+01:00;0;547;837;290;0;1666;547;1674;547;0;0;0;547;0;2607;1514.0347323940248
2025-11-23T13:44:09.581+01:00;0;547;832;290;0;1666;547;1664;547;0;0;0;547;0;2607;1518.2860099495804
2025-11-23T13:44:09.582+01:00;0;246;832;290;0;1666;246;1664;246;0;0;0;246;0;2607;1518.2860808384692
2025-11-23T13:44:09.594+01:00;0;246;832;586;0;1666;246;1664;246;0;0;0;246;0;2607;1518.2877997718024
2025-11-23T13:45:09.559+01:00;0;246;835;586;0;1666;246;1670;246;0;0;0;246;0;2607;1526.8774528829135
2025-11-23T13:45:09.561+01:00;0;325;835;586;0;1693;325;1670;325;0;0;0;325;0;2607;1526.8777393718024
2025-11-23T13:45:09.572+01:00;0;325;835;510;0;1693;325;1670;325;0;0;0;325;0;2607;1526.8791107051356
2025-11-23T13:46:09.589+01:00;0;325;846;510;0;1693;325;1692;325;0;0;0;325;0;2607;1534.3612300384689
2025-11-23T13:46:09.590+01:00;0;116;846;510;0;1693;116;1692;116;0;0;0;116;0;2607;1534.3613547051355
2025-11-23T13:46:09.605+01:00;0;116;846;730;0;1693;116;1692;116;0;0;0;116;0;2607;1534.3640313718022
2025-11-23T13:47:09.615+01:00;0;116;842;730;0;1693;116;1684;116;0;0;0;116;0;2607;1545.0724824829133
2025-11-23T13:47:09.616+01:00;0;232;842;730;0;1693;232;1684;232;0;0;0;232;0;2607;1545.0726609273577
2025-11-23T13:47:09.623+01:00;1392;232;842;730;0;1693;1624;1684;800;0;0;824;800;824;2607;1545.0739100384687
2025-11-23T13:47:09.632+01:00;1392;232;842;610;0;1693;1624;1684;800;0;0;824;800;824;2607;1545.0752520384688
2025-11-23T13:49:36.583+01:00;1392;232;849;610;0;1693;1624;1698;800;0;0;824;800;824;2607;1566.9872789273577
2025-11-23T13:49:36.588+01:00;1392;209;849;610;0;1693;1601;1698;800;0;0;801;800;801;2607;1566.9880244829133
2025-11-23T13:49:36.593+01:00;1392;209;849;610;0;1720;1601;1698;800;0;0;801;800;801;2607;1566.9887700384688
2025-11-23T13:49:36.595+01:00;1417;209;849;610;0;1720;1626;1698;800;0;0;826;800;826;2607;1566.989068260691
2025-11-23T13:49:36.612+01:00;1417;209;849;640;0;1720;1626;1698;800;0;0;826;800;826;2607;1566.9917278162466
2025-11-23T13:54:36.571+01:00;1417;209;712;640;0;1720;1626;1424;800;0;0;826;800;826;2607;1613.9186469273577
2025-11-23T13:54:36.573+01:00;1417;799;712;640;0;1720;2216;1424;800;0;0;1416;800;1416;2607;1613.9189598162466
2025-11-23T13:54:36.580+01:00;2423;799;712;640;0;1720;3222;1424;800;0;0;2422;800;2422;2607;1613.9200549273576
2025-11-23T13:54:36.589+01:00;2423;799;712;0;0;1720;3222;1424;800;0;0;2422;800;2422;2607;1613.9200549273576
2025-11-23T13:54:36.590+01:00;2423;799;712;0;87;1720;3222;1424;800;0;0;2422;800;2422;2607;1613.920020403548
2025-11-23T14:00:02.618+01:00;2423;799;401;0;87;1720;3222;802;800;0;0;2422;800;2422;2607;1602.6642918321195
2025-11-23T14:00:02.620+01:00;2423;340;401;0;87;1720;2763;802;800;0;0;1963;800;1963;2607;1602.6642227845005
2025-11-23T14:00:02.628+01:00;586;340;401;0;87;1720;926;802;800;0;0;126;800;126;2607;1602.6639465940243
2025-11-23T14:00:02.639+01:00;586;340;401;61;87;1720;926;802;800;0;0;126;800;126;2607;1602.6637308543418
2025-11-23T14:00:02.666+01:00;586;340;401;61;0;1720;926;802;800;0;0;126;800;126;2607;1602.6641334543417
2025-11-23T14:05:03.591+01:00;586;340;797;61;0;1720;926;1594;800;0;0;126;800;126;2607;1607.1512595654528
2025-11-23T14:05:03.592+01:00;586;676;797;61;0;1720;1262;1594;800;0;0;462;800;462;2607;1607.151274476564
2025-11-23T14:05:03.593+01:00;586;676;797;61;0;1693;1262;1594;800;0;0;462;800;462;2607;1607.151289387675
2025-11-23T14:05:03.600+01:00;0;676;797;61;0;1693;676;1594;676;0;0;0;676;0;2607;1607.1513937654527
2025-11-23T14:05:03.605+01:00;0;676;797;121;0;1693;676;1594;676;0;0;0;676;0;2607;1607.1515416543416
2025-11-23T14:10:30.750+01:00;0;676;674;121;0;1693;676;1348;676;0;0;0;676;0;2607;1616.8277637654528
2025-11-23T14:10:30.751+01:00;0;257;674;121;0;1693;257;1348;257;0;0;0;257;0;2607;1616.8277933432305
2025-11-23T14:10:30.752+01:00;0;257;674;121;0;1720;257;1348;257;0;0;0;257;0;2607;1616.8278229210082
2025-11-23T14:10:30.767+01:00;0;257;674;417;0;1720;257;1348;257;0;0;0;257;0;2607;1616.829351921008
2025-11-23T14:15:31.559+01:00;0;257;559;417;0;1720;257;1118;257;0;0;0;257;0;2607;1647.4900831210082
2025-11-23T14:15:31.560+01:00;0;229;559;417;0;1720;229;1118;229;0;0;0;229;0;2607;1647.4901850543415
2025-11-23T14:15:31.566+01:00;0;229;559;417;0;1774;229;1118;229;0;0;0;229;0;2607;1647.4907966543415
2025-11-23T14:15:31.573+01:00;0;229;559;330;0;1774;229;1118;229;0;0;0;229;0;2607;1647.491361321008
2025-11-23T14:16:31.564+01:00;0;229;595;330;0;1774;229;1190;229;0;0;0;229;0;2607;1652.330635321008
2025-11-23T14:16:31.566+01:00;0;230;595;330;0;1774;230;1190;230;0;0;0;230;0;2607;1652.3307966543414
2025-11-23T14:16:31.578+01:00;0;230;595;365;0;1774;230;1190;230;0;0;0;230;0;2607;1652.331867321008
2025-11-23T14:17:31.612+01:00;0;230;421;365;0;1774;230;842;230;0;0;0;230;0;2607;1657.688234209897
2025-11-23T14:17:31.614+01:00;0;234;421;365;0;1774;234;842;234;0;0;0;234;0;2607;1657.6884126543414
2025-11-23T14:17:31.627+01:00;0;234;421;187;0;1774;234;842;234;0;0;0;234;0;2607;1657.689006898786
2025-11-23T14:18:32.572+01:00;0;234;287;187;0;1774;234;574;234;0;0;0;234;0;2607;1660.4748705654526
2025-11-23T14:18:32.573+01:00;0;233;287;187;0;1774;233;574;233;0;0;0;233;0;2607;1660.4749162765638
2025-11-23T14:18:32.585+01:00;0;233;287;54;0;1774;233;574;233;0;0;0;233;0;2607;1660.4750746765637
2025-11-23T14:19:58.438+01:00;0;233;403;54;0;1774;233;806;233;0;0;0;233;0;2607;1661.6083342765637
2025-11-23T14:19:58.439+01:00;0;260;403;54;0;1774;260;806;260;0;0;0;260;0;2607;1661.6083474765637
2025-11-23T14:19:58.454+01:00;0;260;403;143;0;1774;260;806;260;0;0;0;260;0;2607;1661.608871809897
2025-11-23T14:20:58.561+01:00;0;260;366;143;0;1774;260;732;260;0;0;0;260;0;2607;1663.7099453876747
2025-11-23T14:20:58.563+01:00;0;249;366;143;0;1774;249;732;249;0;0;0;249;0;2607;1663.7100152987857
2025-11-23T14:20:58.577+01:00;0;249;366;117;0;1774;249;732;249;0;0;0;249;0;2607;1663.7104156987857
2025-11-23T14:21:58.576+01:00;0;249;379;117;0;1774;249;758;249;0;0;0;249;0;2607;1665.4263870987857
2025-11-23T14:21:58.588+01:00;0;249;379;130;0;1774;249;758;249;0;0;0;249;0;2607;1665.426768432119
2025-11-23T14:24:58.572+01:00;0;249;443;130;0;1774;249;886;249;0;0;0;249;0;2607;1671.1462599876745
2025-11-23T14:24:58.573+01:00;0;227;443;130;0;1774;227;886;227;0;0;0;227;0;2607;1671.1462917654524
2025-11-23T14:24:58.585+01:00;0;227;443;216;0;1774;227;886;227;0;0;0;227;0;2607;1671.1469253654523
2025-11-23T14:30:24.432+01:00;0;227;420;216;0;1774;227;840;227;0;0;0;227;0;2607;1688.3516469654523
2025-11-23T14:30:24.433+01:00;0;219;420;216;0;1774;219;840;219;0;0;0;219;0;2607;1688.3516997654524
2025-11-23T14:30:24.451+01:00;0;219;420;201;0;1774;219;840;219;0;0;0;219;0;2607;1688.3525841654523
2025-11-23T14:31:24.629+01:00;0;219;408;201;0;1774;219;816;219;0;0;0;219;0;2607;1691.3093298987856
2025-11-23T14:31:24.631+01:00;0;222;408;201;0;1774;222;816;222;0;0;0;222;0;2607;1691.3094281654521
2025-11-23T14:31:24.648+01:00;0;222;408;186;0;1774;222;816;222;0;0;0;222;0;2607;1691.3102010987855
2025-11-23T14:32:25.559+01:00;0;222;387;186;0;1774;222;774;222;0;0;0;222;0;2607;1694.0796212321188
2025-11-23T14:32:25.560+01:00;0;219;387;186;0;1774;219;774;219;0;0;0;219;0;2607;1694.0796666987856
2025-11-23T14:32:25.572+01:00;0;219;387;168;0;1774;219;774;219;0;0;0;219;0;2607;1694.0801594987856
2025-11-23T14:33:25.574+01:00;0;219;372;168;0;1774;219;744;219;0;0;0;219;0;2607;1696.5442416321189
2025-11-23T14:33:25.575+01:00;0;223;372;168;0;1774;223;744;223;0;0;0;223;0;2607;1696.5442826987855
2025-11-23T14:33:25.587+01:00;0;223;372;149;0;1774;223;744;223;0;0;0;223;0;2607;1696.544719765452
2025-11-23T14:34:25.595+01:00;0;223;369;149;0;1774;223;738;223;0;0;0;223;0;2607;1698.7303444765632
2025-11-23T14:34:25.596+01:00;0;219;369;149;0;1774;219;738;219;0;0;0;219;0;2607;1698.7303808987854
2025-11-23T14:34:25.608+01:00;0;219;369;150;0;1774;219;738;219;0;0;0;219;0;2607;1698.7308208987854
2025-11-23T14:35:25.566+01:00;0;219;340;150;0;1774;219;680;219;0;0;0;219;0;2607;1700.9292808987855
2025-11-23T14:35:25.567+01:00;0;213;340;150;0;1774;213;680;213;0;0;0;213;0;2607;1700.929317565452
2025-11-23T14:35:25.579+01:00;0;213;340;127;0;1774;213;680;213;0;0;0;213;0;2607;1700.9296900987854
2025-11-23T14:40:52.426+01:00;0;213;286;127;0;1774;213;572;213;0;0;0;213;0;2607;1711.0764736321187
2025-11-23T14:40:52.433+01:00;0;186;286;127;0;1774;186;572;186;0;0;0;186;0;2607;1711.0766909432298
2025-11-23T14:40:52.450+01:00;0;186;286;100;0;1774;186;572;186;0;0;0;186;0;2607;1711.0771064987853
2025-11-23T14:45:53.575+01:00;0;186;140;100;0;1774;186;280;186;0;0;0;186;0;2607;1718.4379398321187
2025-11-23T14:45:53.583+01:00;0;232;140;100;0;1774;232;280;232;0;0;0;232;0;2607;1718.4381353876743
2025-11-23T14:45:53.591+01:00;0;232;140;0;0;1774;232;280;232;0;0;0;232;0;2607;1718.4381353876743
2025-11-23T14:45:53.593+01:00;0;232;140;0;92;1774;232;280;232;0;0;0;232;0;2607;1718.4380623718012
2025-11-23T14:46:53.562+01:00;0;232;115;0;92;1774;232;230;230;0;2;2;232;0;2606.9524055555557;1716.2487179273567
2025-11-23T14:46:53.570+01:00;0;800;115;0;92;1774;800;230;230;0;570;570;800;0;2606.9510287439616;1716.2484258638647
2025-11-23T14:46:53.574+01:00;2058;800;115;0;92;1774;2858;230;230;0;570;2628;800;2058;2606.9503403381646;1716.2482798321187
2025-11-23T14:46:53.585+01:00;2058;800;115;0;685;1774;2858;230;230;0;570;2628;800;2058;2606.9484472222225;1716.2460047717323
2025-11-23T14:47:53.559+01:00;2058;800;127;0;685;1774;2858;254;254;0;546;2604;800;2058;2597.0614291062807;1703.8419618973362
2025-11-23T14:47:53.567+01:00;2058;799;127;0;685;1774;2857;254;254;0;546;2603;800;2057;2597.060110265701;1703.8403073079642
2025-11-23T14:47:53.570+01:00;2005;799;127;0;685;1774;2804;254;254;0;546;2550;800;2004;2597.059615700484;1703.8396868369496
2025-11-23T14:47:53.578+01:00;2005;799;127;0;672;1774;2804;254;254;0;546;2550;800;2004;2597.058296859904;1703.8380636485438
2025-11-23T14:48:53.570+01:00;2005;799;107;0;672;1774;2804;214;214;0;586;2590;800;2004;2586.443770289856;1691.6657737934713
2025-11-23T14:48:53.579+01:00;2005;799;107;0;672;1747;2804;214;214;0;586;2590;800;2004;2586.4421778985516;1691.6639477065148
2025-11-23T14:48:53.581+01:00;2074;799;107;0;672;1747;2873;214;214;0;586;2659;800;2073;2586.4418240338173;1691.6635419094134
2025-11-23T14:48:53.588+01:00;2074;799;107;0;692;1747;2873;214;214;0;586;2659;800;2073;2586.4405855072473;1691.662079349027
2025-11-23T14:49:53.589+01:00;2074;799;99;0;692;1747;2873;198;198;0;602;2675;800;2073;2575.534606642513;1679.125638527771
2025-11-23T14:49:53.598+01:00;2032;799;99;0;692;1747;2831;198;198;0;602;2633;800;2031;2575.532970772948;1679.1237580929883
2025-11-23T14:49:53.605+01:00;2032;799;99;0;700;1747;2831;198;198;0;602;2633;800;2031;2575.531698429953;1679.1222786243893
2025-11-23T14:51:19.420+01:00;2032;799;112;0;700;1747;2831;224;224;0;576;2607;800;2031;2560.607350603866;1660.9850503635198
2025-11-23T14:51:19.421+01:00;2032;800;112;0;700;1747;2832;224;224;0;576;2608;800;2032;2560.6071766908226;1660.9848390108627
2025-11-23T14:51:19.423+01:00;2029;800;112;0;700;1747;2829;224;224;0;576;2605;800;2029;2560.6068288647357;1660.9844163055486
2025-11-23T14:51:19.441+01:00;2029;800;112;0;688;1747;2829;224;224;0;576;2605;800;2029;2560.603698429953;1660.980677175114
2025-11-23T14:52:19.565+01:00;2029;800;120;0;688;1747;2829;240;240;0;560;2589;800;2029;2550.4378047101463;1648.4911506050655
2025-11-23T14:52:19.566+01:00;2029;622;120;0;688;1747;2651;240;240;0;560;2411;800;1851;2550.437635628021;1648.4909428755968
2025-11-23T14:52:19.567+01:00;2029;622;120;0;688;1720;2651;240;240;0;560;2411;800;1851;2550.4374665458954;1648.4907351461281
2025-11-23T14:52:19.568+01:00;0;622;120;0;688;1720;622;240;240;0;382;382;622;0;2550.4373371421016;1648.4905274166595
2025-11-23T14:52:19.581+01:00;0;622;120;0;502;1720;622;240;240;0;382;382;622;0;2550.435654892779;1648.4885570060314
2025-11-23T14:53:19.567+01:00;0;622;123;0;502;1720;622;246;246;0;376;376;622;0;2542.7951616678465;1639.396476088157
2025-11-23T14:53:19.568+01:00;0;800;123;0;502;1720;800;246;246;0;554;554;800;0;2542.794994397315;1639.3963245181087
2025-11-23T14:53:19.575+01:00;2042;800;123;0;502;1720;2842;246;246;0;554;2596;800;2042;2542.793823503595;1639.3952635277706
2025-11-23T14:53:19.580+01:00;2042;800;123;0;677;1720;2842;246;246;0;554;2596;800;2042;2542.7929871509377;1639.3942414867079
2025-11-23T14:55:19.557+01:00;2042;800;147;0;677;1720;2842;294;294;0;506;2548;800;2042;2524.463167706493;1614.8699573683505
2025-11-23T14:55:19.559+01:00;2042;800;147;0;677;1693;2842;294;294;0;506;2548;800;2042;2524.4628621509373;1614.8695485519254
2025-11-23T14:55:19.585+01:00;1956;800;147;0;677;1693;2756;294;294;0;506;2462;800;1956;2524.458889928715;1614.864233938399
2025-11-23T14:55:19.596+01:00;1956;800;147;0;653;1693;2756;294;294;0;506;2462;800;1956;2524.4572093731595;1614.8620651582057
2025-11-23T14:56:19.567+01:00;1956;800;152;0;653;1693;2756;304;304;0;496;2452;800;1956;2514.380781188878;1603.0380727065149
2025-11-23T14:56:19.569+01:00;1956;800;152;0;653;1666;2756;304;304;0;496;2452;800;1956;2514.3804451455176;1603.0376783828433
2025-11-23T14:56:19.575+01:00;1948;800;152;0;653;1666;2748;304;304;0;496;2444;800;1948;2514.3794370154365;1603.0364954118288
2025-11-23T14:56:19.580+01:00;1948;800;152;0;648;1666;2748;304;304;0;496;2444;800;1948;2514.3785969070354;1603.0355171509593
2025-11-23T14:57:19.582+01:00;1948;800;138;0;648;1666;2748;276;276;0;524;2472;800;1948;2504.8855268587263;1591.295995411829
2025-11-23T14:57:19.583+01:00;1948;799;138;0;648;1666;2747;276;276;0;524;2471;800;1947;2504.8853686461657;1591.295799759655
2025-11-23T14:57:19.590+01:00;2014;799;138;0;648;1666;2813;276;276;0;524;2537;800;2013;2504.884261158243;1591.2944301944376
2025-11-23T14:57:19.595+01:00;2014;799;138;0;661;1666;2813;276;276;0;524;2537;800;2013;2504.883470095441;1591.2934323079642
2025-11-23T14:58:19.578+01:00;2014;799;136;0;661;1666;2813;272;272;0;528;2541;800;2013;2495.3209628490645;1579.3221874408143
2025-11-23T14:58:19.579+01:00;2014;800;136;0;661;1666;2814;272;272;0;528;2542;800;2014;2495.3208034287745;1579.3219878635196
2025-11-23T14:58:19.580+01:00;2014;800;136;0;661;1639;2814;272;272;0;528;2542;800;2014;2495.3206440084846;1579.3217882862248
2025-11-23T14:58:19.586+01:00;2044;800;136;0;661;1639;2844;272;272;0;528;2572;800;2044;2495.3196874867454;1579.3205908224566
2025-11-23T14:58:19.591+01:00;2044;800;136;0;664;1639;2844;272;272;0;528;2572;800;2044;2495.318890385296;1579.3195884069976
2025-11-23T14:59:19.566+01:00;2044;800;138;0;664;1639;2844;276;276;0;524;2568;800;2044;2485.830092076117;1567.295614977046
2025-11-23T14:59:19.567+01:00;2044;799;138;0;664;1639;2843;276;276;0;524;2567;800;2043;2485.8299338635566;1567.2954144939542
2025-11-23T14:59:19.575+01:00;1939;799;138;0;664;1639;2738;276;276;0;524;2462;800;1938;2485.8286681630734;1567.29381062922
2025-11-23T14:59:19.579+01:00;1939;799;138;0;661;1639;2738;276;276;0;524;2462;800;1938;2485.828035312832;1567.2930123200413
2025-11-23T15:00:19.612+01:00;1939;799;136;0;661;1639;2738;272;272;0;528;2466;800;1938;2476.2575570519625;1555.3117885881572
2025-11-23T15:00:19.613+01:00;1939;800;136;0;661;1639;2739;272;272;0;528;2467;800;1939;2476.2573976316726;1555.3115890108625
2025-11-23T15:00:19.620+01:00;2001;800;136;0;661;1639;2801;272;272;0;528;2529;800;2001;2476.2562816896434;1555.3101919697997
2025-11-23T15:00:19.625+01:00;2001;800;136;0;664;1639;2801;272;272;0;528;2529;800;2001;2476.255484588194;1555.3091895543407
2025-11-23T15:05:46.607+01:00;2001;800;112;0;664;1639;2801;224;224;0;576;2577;800;2001;2419.3890498055853;1489.7548272355002
2025-11-23T15:05:46.609+01:00;2001;800;112;0;664;1559;2801;224;224;0;576;2577;800;2001;2419.3887019794984;1489.7544262693166
2025-11-23T15:05:46.615+01:00;1949;800;112;0;664;1559;2749;224;224;0;576;2525;800;1949;2419.3876585012376;1489.753223370766
2025-11-23T15:05:46.619+01:00;1949;800;112;0;688;1559;2749;224;224;0;576;2525;800;1949;2419.386962849064;1489.7523924528914
2025-11-23T15:10:48.590+01:00;1949;800;97;0;688;1559;2749;194;194;0;606;2555;800;1949;2364.1350226316727;1427.0241170905726
2025-11-23T15:10:48.599+01:00;1949;799;97;0;688;1559;2748;194;194;0;606;2554;800;1948;2364.133375892542;1427.0222475253552
2025-11-23T15:10:48.604+01:00;1949;799;97;0;688;1505;2748;194;194;0;606;2554;800;1948;2364.1324610374695;1427.0212088780122
2025-11-23T15:10:48.606+01:00;2006;799;97;0;688;1505;2805;194;194;0;606;2611;800;2005;2364.1320950954405;1427.020793419075
2025-11-23T15:10:48.617+01:00;2006;799;97;0;702;1505;2805;194;194;0;606;2611;800;2005;2364.130082414281;1427.018461897336
2025-11-23T15:15:14.567+01:00;2006;799;78;0;702;1505;2805;156;156;0;644;2649;800;2005;2312.417582414281;1370.6486249408142
2025-11-23T15:15:14.569+01:00;2006;279;78;0;702;1505;2285;156;156;0;644;2129;800;1485;2312.417193525392;1370.6482010277707
2025-11-23T15:15:14.570+01:00;2006;279;78;0;702;1478;2285;156;156;0;644;2129;800;1485;2312.416999080948;1370.647989071249
2025-11-23T15:15:14.576+01:00;24;279;78;0;702;1478;303;156;156;0;147;147;303;0;2312.4166767125266;1370.6467173321184
2025-11-23T15:15:14.580+01:00;24;279;78;0;201;1478;303;156;156;0;147;147;303;0;2312.416461800246;1370.6464449743949
2025-11-23T15:20:15.608+01:00;24;279;68;0;201;1478;303;136;136;0;167;167;303;0;2294.042311215451;1350.1496197711429
2025-11-23T15:20:15.609+01:00;24;282;68;0;201;1478;306;136;136;0;170;170;306;0;2294.042249080948;1350.149551681712
2025-11-23T15:20:15.610+01:00;24;282;68;0;201;1451;306;136;136;0;170;170;306;0;2294.042186946445;1350.149483592281
2025-11-23T15:20:15.634+01:00;0;282;68;0;201;1451;282;136;136;0;146;146;282;0;2294.0409062446906;1350.1478494459395
2025-11-23T15:20:15.638+01:00;0;282;68;0;214;1451;282;136;136;0;146;146;282;0;2294.040692794398;1350.1475594730398
2025-11-23T15:25:43.610+01:00;0;282;66;0;214;1451;282;132;132;0;150;150;282;0;2276.059771741767;1326.3718115055601
2025-11-23T15:25:43.611+01:00;0;270;66;0;214;1451;270;132;132;0;138;138;270;0;2276.05972130317;1326.3717390123352
2025-11-23T15:25:43.612+01:00;0;270;66;0;214;1424;270;132;132;0;138;138;270;0;2276.0596708645735;1326.3716665191102
2025-11-23T15:25:43.622+01:00;0;270;66;0;204;1424;270;132;132;0;138;138;270;0;2276.0591664786084;1326.3709754621996
2025-11-23T15:30:44.614+01:00;0;270;63;0;204;1424;270;126;126;0;144;144;270;0;2260.217482268082;1305.5707152995979
2025-11-23T15:30:44.615+01:00;0;207;63;0;204;1424;207;126;126;0;81;81;207;0;2260.2174501252252;1305.570646193907
2025-11-23T15:30:44.622+01:00;50;207;63;0;204;1424;257;126;126;0;131;131;257;0;2260.2171149644064;1305.5701624540695
2025-11-23T15:30:44.627+01:00;50;207;63;0;144;1424;257;126;126;0;131;131;257;0;2260.2168755638218;1305.5698992961748
2025-11-23T15:36:11.565+01:00;50;207;60;0;144;1424;257;120;120;0;137;137;257;0;2243.8460765872137;1288.36263613828
2025-11-23T15:36:11.566+01:00;50;192;60;0;144;1424;242;120;120;0;122;122;242;0;2243.84603199657;1288.3625835067012
2025-11-23T15:36:11.567+01:00;50;192;60;0;144;1397;242;120;120;0;122;122;242;0;2243.8459874059267;1288.3625308751223
2025-11-23T15:36:11.573+01:00;0;192;60;0;144;1397;192;120;120;0;72;72;192;0;2243.8458159773554;1288.3622150856486
2025-11-23T15:36:11.578+01:00;0;192;60;0;132;1397;192;120;120;0;72;72;192;0;2243.8456731202127;1288.3619738575785
2025-11-23T15:41:11.584+01:00;0;192;61;0;132;1397;192;122;122;0;70;70;192;0;2235.5121731202125;1273.888000173368
2025-11-23T15:41:11.585+01:00;0;264;61;0;132;1397;264;122;122;0;142;142;264;0;2235.5121212196277;1273.887951927754
2025-11-23T15:41:11.586+01:00;0;264;61;0;132;1370;264;122;122;0;142;142;264;0;2235.512069319043;1273.8879036821402
2025-11-23T15:41:11.596+01:00;0;264;61;0;203;1370;264;122;122;0;142;142;264;0;2235.511550313195;1273.8872160127635
2025-11-23T15:45:37.561+01:00;0;264;70;0;203;1370;264;140;140;0;124;124;264;0;2223.4575810149495;1255.5976174355278
2025-11-23T15:45:37.562+01:00;0;265;70;0;203;1370;265;140;140;0;125;125;265;0;2223.457535327815;1255.5975486685902
2025-11-23T15:45:37.563+01:00;0;265;70;0;203;1344;265;140;140;0;125;125;265;0;2223.4574896406807;1255.5974799016526
2025-11-23T15:45:37.574+01:00;0;265;70;0;195;1344;265;140;140;0;125;125;265;0;2223.456987082201;1255.5966959104246
2025-11-23T15:50:37.566+01:00;0;265;74;0;195;1344;265;148;148;0;117;117;265;0;2210.628381819043;1234.2156871384948
2025-11-23T15:50:37.567+01:00;0;227;74;0;195;1344;227;148;148;0;79;79;227;0;2210.6283504698367;1234.215615866565
2025-11-23T15:50:37.568+01:00;0;227;74;0;195;1317;227;148;148;0;79;79;227;0;2210.6283191206303;1234.2155445946353
2025-11-23T15:50:37.575+01:00;3;227;74;0;195;1317;230;148;148;0;82;82;230;0;2210.6280913428527;1234.2150456911265
2025-11-23T15:50:37.579+01:00;3;227;74;0;153;1317;230;148;148;0;82;82;230;0;2210.6279611841223;1234.214822006916
2025-11-23T15:56:04.593+01:00;3;227;58;0;153;1317;230;116;116;0;114;114;230;0;2197.002377850789;1215.9278549016528
2025-11-23T15:56:04.603+01:00;3;337;58;0;153;1317;340;116;116;0;224;224;340;0;2197.0016190432007;1215.9272956911266
2025-11-23T15:56:04.607+01:00;0;337;58;0;153;1317;337;116;116;0;221;221;337;0;2197.001319585206;1215.927072006916
2025-11-23T15:56:04.616+01:00;0;337;58;0;279;1317;337;116;116;0;221;221;337;0;2197.0006458047183;1215.92622139716
2025-11-23T16:01:06.589+01:00;0;337;43;0;279;1317;337;86;86;0;251;251;337;0;2171.324757254583;1187.386090299599
2025-11-23T16:01:06.603+01:00;0;500;43;0;279;1317;500;86;86;0;414;414;500;0;2171.3227938399486;1187.3847671288672
2025-11-23T16:01:06.610+01:00;0;500;43;0;279;1263;500;86;86;0;414;414;500;0;2171.3218121326317;1187.3841055435014
2025-11-23T16:01:06.622+01:00;0;500;43;0;457;1263;500;86;86;0;414;414;500;0;2171.3201292058025;1187.3822478199243
2025-11-23T16:05:33.652+01:00;0;500;37;0;457;1263;500;74;74;0;426;426;500;0;2132.7853121326316;1146.0432539174853
2025-11-23T16:05:33.675+01:00;0;340;37;0;457;1263;340;74;74;0;266;266;340;0;2132.7832396394065;1146.039693280629
2025-11-23T16:05:33.683+01:00;0;340;37;0;457;1236;340;74;74;0;266;266;340;0;2132.782518772198;1146.0384547982442
2025-11-23T16:05:33.710+01:00;0;340;37;0;303;1236;340;74;74;0;266;266;340;0;2132.7800858453684;1146.0356834567808
2025-11-23T16:06:34.557+01:00;0;340;38;0;303;1236;340;76;76;0;264;264;340;0;2127.3384842193523;1139.790208863285
2025-11-23T16:06:34.558+01:00;0;263;38;0;303;1236;263;76;76;0;187;187;263;0;2127.338415871399;1139.7901062210085
2025-11-23T16:06:34.565+01:00;311;263;38;0;303;1236;574;76;76;0;498;498;574;0;2127.33723497709;1139.7893877250735
2025-11-23T16:06:34.573+01:00;311;263;38;0;225;1236;574;76;76;0;498;498;574;0;2127.335885383594;1139.7887779689759
2025-11-23T16:07:34.572+01:00;311;263;36;0;225;1236;574;72;72;0;502;502;574;0;2118.2418340550917;1135.2156834567807
2025-11-23T16:07:34.574+01:00;311;235;36;0;225;1236;546;72;72;0;474;474;546;0;2118.2415129168803;1135.2155310177563
2025-11-23T16:07:34.580+01:00;0;235;36;0;225;1236;235;72;72;0;163;163;235;0;2118.24115546074;1135.2150737006832
2025-11-23T16:07:34.585+01:00;0;235;36;0;199;1236;235;72;72;0;163;163;235;0;2118.240857580623;1135.2147100310926
2025-11-23T16:08:34.560+01:00;0;235;31;0;199;1236;235;62;62;0;173;173;235;0;2114.448578706354;1130.8524932913265
2025-11-23T16:08:34.561+01:00;0;305;31;0;199;1236;305;62;62;0;243;243;305;0;2114.448496389281;1130.8524205574083
2025-11-23T16:08:34.573+01:00;0;305;31;0;274;1236;305;62;62;0;243;243;305;0;2114.447508584403;1130.85130673627
2025-11-23T16:09:34.572+01:00;0;285;31;0;274;1236;285;62;62;0;223;223;285;0;2109.915063801205;1125.2822938636414
2025-11-23T16:09:34.573+01:00;0;285;31;0;274;1209;285;62;62;0;223;223;285;0;2109.9149882591996;1125.2822010452132
2025-11-23T16:09:34.578+01:00;0;285;31;0;254;1209;285;62;62;0;223;223;285;0;2109.9146105491727;1125.281770828411
2025-11-23T16:10:34.554+01:00;0;285;11;0;254;1209;285;22;22;0;263;263;285;0;2104.5712203052703;1120.1212342430451
2025-11-23T16:10:34.555+01:00;0;458;11;0;254;1209;458;22;22;0;436;436;458;0;2104.571072608793;1120.1211481996847
2025-11-23T16:10:34.563+01:00;143;458;11;0;254;1209;601;22;22;0;579;579;601;0;2104.5696740580684;1120.1204598528013
2025-11-23T16:10:34.568+01:00;143;458;11;0;447;1209;601;22;22;0;579;579;601;0;2104.5687999638653;1120.11970273898
2025-11-23T16:11:34.569+01:00;143;458;27;0;447;1209;601;54;54;0;547;547;601;0;2094.6592145170052;1111.0341854625574
2025-11-23T16:11:34.570+01:00;143;425;27;0;447;1209;568;54;54;0;514;514;568;0;2094.6590593237684;1111.0340340397931
2025-11-23T16:11:34.577+01:00;2;425;27;0;447;1209;427;54;54;0;373;373;427;0;2094.6581748386734;1111.0329740804436
2025-11-23T16:11:34.582+01:00;2;425;27;0;398;1209;427;54;54;0;373;373;427;0;2094.6575430636058;1111.0322999612024
2025-11-23T16:16:00.610+01:00;2;425;0;0;398;1209;427;0;0;0;427;427;427;0;2056.1772056652317;1075.1653812620154
2025-11-23T16:16:00.636+01:00;2;342;0;0;398;1209;344;0;0;0;344;344;344;0;2056.1741758549338;1075.1618758419613
2025-11-23T16:16:00.645+01:00;2;342;0;0;398;1182;344;0;0;0;344;344;344;0;2056.173127074446;1075.1606624273272
2025-11-23T16:16:00.651+01:00;24;342;0;0;398;1182;366;0;0;0;366;366;366;0;2056.172383172007;1075.1598534842378
2025-11-23T16:16:00.680+01:00;24;342;0;0;342;1182;366;0;0;0;366;366;366;0;2056.1687876435517;1075.1564937281403
2025-11-23T16:21:01.574+01:00;24;318;0;0;342;1182;342;0;0;0;342;342;342;0;2021.3091169118443;1040.2968229964329
2025-11-23T16:21:01.575+01:00;24;318;0;0;342;1155;342;0;0;0;342;342;342;0;2021.3090010581857;1040.2967071427743
2025-11-23T16:21:01.581+01:00;27;318;0;0;342;1155;345;0;0;0;345;345;345;0;2021.3082998386735;1040.2960120208231
2025-11-23T16:21:01.585+01:00;27;318;0;0;318;1155;345;0;0;0;345;345;345;0;2021.3078323589987;1040.2955811265142
2025-11-23T16:25:28.389+01:00;27;350;0;0;318;1155;377;0;0;0;377;377;377;0;1987.234286288538;1011.5544998257012
2025-11-23T16:25:28.390+01:00;27;350;0;0;318;1128;377;0;0;0;377;377;377;0;1987.234158578511;1011.554392102124
2025-11-23T16:25:28.391+01:00;0;350;0;0;318;1128;350;0;0;0;350;350;350;0;1987.2340400148253;1011.5542843785468
2025-11-23T16:25:28.403+01:00;0;350;0;0;350;1128;350;0;0;0;350;350;350;0;1987.2326172505975;1011.5528616143191
2025-11-23T16:26:28.567+01:00;0;405;0;0;350;1128;405;0;0;0;405;405;405;0;1978.9784099335243;1004.4195960316633
2025-11-23T16:26:28.579+01:00;0;405;0;0;405;1128;405;0;0;0;405;405;405;0;1978.976763592061;1004.4179496901999
2025-11-23T16:27:28.557+01:00;0;370;0;0;405;1128;370;0;0;0;370;370;370;0;1971.4591958413835;996.1892606658096
2025-11-23T16:27:28.558+01:00;0;370;0;0;405;1102;370;0;0;0;370;370;370;0;1971.45907050263;996.1891234706876
2025-11-23T16:27:28.568+01:00;0;370;0;0;370;1102;370;0;0;0;370;370;370;0;1971.4578171150963;996.1878700831537
2025-11-23T16:28:28.653+01:00;0;370;10;0;370;1102;370;20;20;0;350;350;370;0;1964.3339180636058;988.6568910858638
2025-11-23T16:28:28.672+01:00;0;398;10;0;370;1102;398;20;20;0;378;378;398;0;1964.3314851367766;988.6545096495494
2025-11-23T16:28:28.696+01:00;0;398;10;0;388;1102;398;20;20;0;378;378;398;0;1964.3284119660448;988.6513551780047
2025-11-23T16:29:29.611+01:00;0;398;5;0;388;1102;398;10;10;0;388;388;398;0;1956.321968876614;980.6449120885737
2025-11-23T16:29:29.631+01:00;0;376;5;0;388;1102;376;10;10;0;366;366;376;0;1956.319489201817;980.6422833622864
2025-11-23T16:29:29.652+01:00;0;376;5;0;371;1102;376;10;10;0;366;366;376;0;1956.3168855432805;980.6396441346442
2025-11-23T16:31:29.675+01:00;0;376;6;0;371;1102;376;12;12;0;364;364;376;0;1941.5173015324403;965.5554527389802
2025-11-23T16:31:29.697+01:00;0;321;6;0;371;1102;321;12;12;0;309;309;321;0;1941.514998686912;965.5526878338311
2025-11-23T16:31:29.710+01:00;0;321;6;0;371;1075;321;12;12;0;309;309;321;0;1941.5136379145542;965.551054026243
2025-11-23T16:31:29.736+01:00;0;321;6;0;315;1075;321;12;12;0;309;309;321;0;1941.5109163698387;965.5482796359992
2025-11-23T16:36:56.583+01:00;0;321;0;0;315;1075;321;0;0;0;321;321;321;0;1905.9696267356924;930.6713131725845
2025-11-23T16:36:56.584+01:00;0;570;0;0;315;1075;570;0;0;0;570;570;570;0;1905.969454634243;930.6712064652675
2025-11-23T16:36:56.585+01:00;0;570;0;0;315;1048;570;0;0;0;570;570;570;0;1905.9692825327936;930.6710997579504
2025-11-23T16:36:56.586+01:00;11;570;0;0;315;1048;581;0;0;0;581;581;581;0;1905.9691071100883;930.6709930506333
2025-11-23T16:36:56.600+01:00;11;570;0;0;570;1048;581;0;0;0;581;581;581;0;1905.966651192214;930.6685836303435
2025-11-23T16:40:56.682+01:00;11;311;0;0;570;1048;322;0;0;0;322;322;322;0;1879.7788449591517;889.350123485416
2025-11-23T16:40:56.698+01:00;11;311;0;0;570;994;322;0;0;0;322;322;322;0;1879.7770997016992;889.3473698622277
2025-11-23T16:40:56.712+01:00;0;311;0;0;570;994;311;0;0;0;311;311;311;0;1879.77562476945;889.3449604419378
2025-11-23T16:40:56.742+01:00;0;311;0;0;311;994;311;0;0;0;311;311;311;0;1879.7724642003443;889.3417998728321
2025-11-23T16:46:25.428+01:00;0;301;0;0;311;994;301;0;0;0;301;301;301;0;1846.2580719239215;854.7139726370598
2025-11-23T16:46:25.429+01:00;0;301;0;0;311;967;301;0;0;0;301;301;301;0;1846.257969959152;854.7138672847562
2025-11-23T16:46:25.444+01:00;0;301;0;0;301;967;301;0;0;0;301;301;301;0;1846.2564404876073;854.7123378132115
2025-11-23T16:51:25.734+01:00;0;295;0;0;301;940;295;0;0;0;295;295;295;0;1816.2477853385558;824.0933371357048
2025-11-23T16:51:25.751+01:00;0;295;0;0;295;940;295;0;0;0;295;295;295;0;1816.2460864903173;824.0916382874664
2025-11-23T16:56:52.393+01:00;0;288;0;0;295;940;288;0;0;0;288;288;288;0;1784.3785742951954;791.4495685042685
2025-11-23T16:56:52.394+01:00;0;288;0;0;295;913;288;0;0;0;288;288;288;0;1784.37847673422;791.4494685720192
2025-11-23T16:56:52.408+01:00;0;288;0;0;288;913;288;0;0;0;288;288;288;0;1784.3771108805613;791.4481027183607
2025-11-23T17:00:52.582+01:00;0;242;0;0;288;887;242;0;0;0;242;242;242;0;1764.6880499049516;768.0164929622631
2025-11-23T17:00:52.592+01:00;0;242;0;0;242;887;242;0;0;0;242;242;242;0;1764.6872301217538;768.0156731790653
2025-11-23T17:05:52.563+01:00;0;239;0;0;242;887;239;0;0;0;239;239;239;0;1740.4009601353039;743.4245546153796
2025-11-23T17:05:52.564+01:00;0;239;0;0;242;860;239;0;0;0;239;239;239;0;1740.4008791732442;743.4244726370598
2025-11-23T17:05:52.575+01:00;0;239;0;0;239;860;239;0;0;0;239;239;239;0;1740.3999885905885;743.4235820544039
2025-11-23T17:11:19.560+01:00;0;254;0;0;239;860;254;0;0;0;254;254;254;0;1712.2651003792064;716.9502029893633
2025-11-23T17:11:19.561+01:00;0;254;0;0;239;833;254;0;0;0;254;254;254;0;1712.265014335846;716.9501220273037
2025-11-23T17:11:19.571+01:00;0;254;0;0;254;833;254;0;0;0;254;254;254;0;1712.2641539022416;716.9492615936994
2025-11-23T17:12:19.561+01:00;0;249;0;0;254;833;249;0;0;0;249;249;249;0;1707.2040217884205;711.7875204012875
2025-11-23T17:12:19.571+01:00;0;249;0;0;249;833;249;0;0;0;249;249;249;0;1707.2031782924855;711.7866769053525
2025-11-23T17:13:19.551+01:00;0;240;0;0;249;833;240;0;0;0;240;240;240;0;1702.3267555282578;706.7273882874663
2025-11-23T17:13:19.561+01:00;0;240;0;0;240;833;240;0;0;0;240;240;240;0;1702.3259425201277;706.7265752793362
2025-11-23T17:14:19.556+01:00;0;240;0;0;240;806;240;0;0;0;240;240;240;0;1697.4483002437048;701.8489330029134
2025-11-23T17:15:19.635+01:00;0;239;0;0;240;806;239;0;0;0;239;239;239;0;1692.584180663759;696.964461458198
2025-11-23T17:15:19.645+01:00;0;239;0;0;239;806;239;0;0;0;239;239;239;0;1692.583371043163;696.9636518376018
2025-11-23T17:21:46.569+01:00;0;249;0;0;239;806;249;0;0;0;249;249;249;0;1659.9464889293417;665.6374878809622
2025-11-23T17:21:46.570+01:00;0;249;0;0;239;779;249;0;0;0;249;249;249;0;1659.9464045797483;665.6374069189026
2025-11-23T17:21:46.580+01:00;0;249;0;0;249;779;249;0;0;0;249;249;249;0;1659.9455610838133;665.6365634229676
2025-11-23T17:26:46.647+01:00;0;245;0;0;249;779;245;0;0;0;245;245;245;0;1635.0416264632172;640.3260339514229
2025-11-23T17:26:46.664+01:00;0;245;0;0;249;752;245;0;0;0;245;245;245;0;1635.0402155553581;640.3246000083335
2025-11-23T17:26:46.698+01:00;0;245;0;0;245;752;245;0;0;0;245;245;245;0;1635.03739373964;640.3217781926154
2025-11-23T17:31:14.646+01:00;0;253;0;0;245;752;253;0;0;0;253;253;253;0;1612.0730156908596;618.0835464852984
2025-11-23T17:31:14.665+01:00;0;253;0;0;245;725;253;0;0;0;253;253;253;0;1612.0713873033258;618.0819695882794
2025-11-23T17:31:14.700+01:00;0;253;0;0;253;725;253;0;0;0;253;253;253;0;1612.0683876420792;618.0789699270329
2025-11-23T17:36:14.578+01:00;0;232;0;0;253;698;232;0;0;0;232;232;232;0;1588.5007399456022;592.3780437752713
2025-11-23T17:36:14.588+01:00;0;232;0;0;232;698;232;0;0;0;232;232;232;0;1588.499954037743;592.3772578674123
2025-11-23T17:41:41.581+01:00;0;295;0;0;232;698;295;0;0;0;295;295;295;0;1555.822808035033;566.6786210110437
2025-11-23T17:41:41.591+01:00;0;295;0;0;295;698;295;0;0;0;295;295;295;0;1555.8218087125397;566.6776216885504
2025-11-23T17:46:43.592+01:00;0;336;0;0;295;698;336;0;0;0;336;336;336;0;1521.4477111515641;536.4979824609081
2025-11-23T17:46:43.593+01:00;0;336;0;0;295;672;336;0;0;0;336;336;336;0;1521.4475973304259;536.4978825286588
2025-11-23T17:46:43.603+01:00;0;336;0;0;336;672;336;0;0;0;336;336;336;0;1521.4464591190438;536.4967443172767
2025-11-23T17:51:11.567+01:00;0;288;0;0;336;672;288;0;0;0;288;288;288;0;1495.3036298507511;505.9967768376019
2025-11-23T17:51:11.568+01:00;0;288;0;0;336;618;288;0;0;0;288;288;288;0;1495.3035322897756;505.9966630164637
2025-11-23T17:51:11.578+01:00;0;288;0;0;288;618;288;0;0;0;288;288;288;0;1495.3025566800195;505.9956874067076
2025-11-23T17:57:11.601+01:00;0;800;0;0;288;618;800;0;0;0;800;800;800;0;1408.3404793853335;470.87149228475636
2025-11-23T17:57:11.602+01:00;0;800;0;0;288;591;800;0;0;0;800;800;800;0;1408.3402378394399;470.8713947237807
2025-11-23T17:57:11.608+01:00;3265;800;0;0;288;591;4065;0;0;0;800;4065;800;3265;1408.3387885640775;470.87080935792704
2025-11-23T17:57:11.612+01:00;3265;800;0;0;800;591;4065;0;0;0;800;4065;800;3265;1408.3378223805025;470.8698431743522
2025-11-23T18:01:37.577+01:00;3265;799;0;0;800;510;4064;0;0;0;800;4064;800;3264;1344.095068757314;406.62708955116375
2025-11-23T18:01:37.583+01:00;1932;799;0;0;800;510;2731;0;0;0;800;2731;800;1931;1344.0936194819517;406.6256402758014
2025-11-23T18:01:37.588+01:00;1932;799;0;0;799;510;2731;0;0;0;800;2731;800;1931;1344.092411752483;406.62443405599464
2025-11-23T18:05:38.633+01:00;1932;799;0;0;799;456;2731;0;0;0;800;2731;800;1931;1285.8689818007922;348.47378339174344
2025-11-23T18:05:38.647+01:00;1376;799;0;0;799;456;2175;0;0;0;800;2175;800;1375;1285.8656001582801;348.4704059762845
2025-11-23T18:06:38.724+01:00;1376;800;0;0;799;456;2176;0;0;0;800;2176;800;1376;1271.3542475012753;333.9771925101009
2025-11-23T18:06:38.750+01:00;1376;800;0;0;799;403;2176;0;0;0;800;2176;800;1376;1271.3479673080385;333.97092016710576
2025-11-23T18:06:38.764+01:00;1372;800;0;0;799;403;2172;0;0;0;800;2172;800;1372;1271.3445856655264;333.9675427516468
2025-11-23T18:06:38.800+01:00;1372;800;0;0;800;403;2172;0;0;0;800;2172;800;1372;1271.3358900133526;333.9588470994729
2025-11-23T18:07:38.587+01:00;1372;800;0;0;800;376;2172;0;0;0;800;2172;800;1372;1256.8945856655264;319.51754275164683
2025-11-23T18:07:38.588+01:00;1378;800;0;0;800;376;2178;0;0;0;800;2178;800;1378;1256.8943441196327;319.5173012057531
2025-11-23T18:08:38.554+01:00;1378;799;0;0;800;376;2177;0;0;0;800;2177;800;1377;1242.4098030568307;305.03276014295113
2025-11-23T18:08:38.559+01:00;1375;799;0;0;800;376;2174;0;0;0;800;2174;800;1374;1242.408595327362;305.03155241348253
2025-11-23T18:08:38.563+01:00;1375;799;0;0;799;376;2174;0;0;0;800;2174;800;1374;1242.407629143787;305.0305874376371
2025-11-23T18:10:04.413+01:00;1375;799;0;0;799;349;2174;0;0;0;800;2174;800;1374;1221.6709141679416;284.31979335551154
2025-11-23T18:10:04.414+01:00;1429;799;0;0;799;349;2228;0;0;0;800;2228;800;1428;1221.670672622048;284.3195521115502
2025-11-23T18:12:04.590+01:00;1397;799;0;0;799;322;2196;0;0;0;800;2196;800;1396;1192.6426532983764;268
2025-11-23T18:17:05.574+01:00;1397;0;0;0;799;322;1397;0;0;0;800;1397;800;597;1119.941204023014;268
2025-11-23T18:17:05.575+01:00;1397;0;0;0;799;268;1397;0;0;0;800;1397;800;597;1119.9409624771204;268
2025-11-23T18:17:05.603+01:00;1574;0;0;0;799;268;1574;0;0;0;800;1574;800;774;1119.9341991920962;268
2025-11-23T18:17:05.609+01:00;1574;0;0;0;0;268;1574;0;0;0;800;1574;800;774;1119.9327499167339;268
2025-11-23T18:21:31.569+01:00;621;0;0;0;0;268;621;0;0;0;621;621;621;0;1070.0652499167338;268
2025-11-23T18:26:33.565+01:00;261;0;0;0;0;268;261;0;0;0;261;261;261;0;1043.3643840630752;268
2025-11-23T18:31:59.578+01:00;252;0;0;0;0;268;252;0;0;0;252;252;252;0;1015.5340060142947;268
2025-11-23T18:36:59.561+01:00;253;0;0;0;0;268;253;0;0;0;253;253;253;0;989.8240808787933;268
2025-11-23T18:42:25.574+01:00;244;0;0;0;0;268;244;0;0;0;244;244;244;0;962.8772068950535;268
2025-11-23T18:47:25.603+01:00;241;0;0;0;0;268;241;0;0;0;241;241;241;0;938.3829694289288;268
2025-11-23T18:52:53.565+01:00;240;0;0;0;0;268;240;0;0;0;240;240;240;0;911.7193921931565;268
2025-11-23T18:56:53.571+01:00;389;0;0;0;0;268;389;0;0;0;389;389;389;0;880.0925852825874;268
2025-11-23T19:02:19.428+01:00;349;0;0;0;0;268;349;0;0;0;349;349;349;0;841.5681635346199;268
2025-11-23T19:07:20.572+01:00;411;0;0;0;0;268;411;0;0;0;411;411;411;0;799.6405944289288;268
2025-11-23T19:12:46.407+01:00;282;0;0;0;0;268;282;0;0;0;282;282;282;0;768.5140802012866;268
2025-11-23T19:16:47.566+01:00;227;0;0;0;0;268;227;0;0;0;227;227;227;0;749.9696720034545;268
2025-11-23T19:21:48.564+01:00;239;0;0;0;0;268;239;0;0;0;239;239;239;0;725.6002539817744;268
2025-11-23T19:27:14.562+01:00;380;0;0;0;0;268;380;0;0;0;380;380;380;0;683.6357417866524;268
2025-11-23T19:32:14.568+01:00;316;0;0;0;0;268;316;0;0;0;316;316;316;0;651.5212783720183;268
2025-11-23T19:37:40.566+01:00;231;0;0;0;0;268;231;0;0;0;231;231;231;0;626.0112722744573;268
2025-11-23T19:42:40.572+01:00;385;0;0;0;0;268;385;0;0;0;385;385;385;0;586.8844734939695;268
2025-11-23T19:47:06.581+01:00;384;0;0;0;0;268;384;0;0;0;384;384;384;0;552.2816767460021;268
2025-11-23T19:52:06.581+01:00;374;0;0;0;0;268;374;0;0;0;374;374;374;0;514.2735466647013;268
2025-11-23T19:57:32.630+01:00;347;0;0;0;0;268;347;0;0;0;347;347;347;0;475.947326136246;268
2025-11-23T20:02:34.581+01:00;357;0;0;0;0;268;357;0;0;0;357;357;357;0;439.43089422567687;268
2025-11-23T20:08:02.602+01:00;354;0;0;0;0;268;354;0;0;0;354;354;354;0;400.0950425996606;268
2025-11-23T20:13:03.606+01:00;352;0;0;0;0;268;352;0;0;0;352;352;352;0;364.2029667189018;268
2025-11-23T20:17:29.618+01:00;188;0;0;0;0;268;188;0;0;0;188;188;188;0;345.9243643797205;268
2025-11-23T20:22:30.564+01:00;191;0;0;0;0;268;191;0;0;0;191;191;191;0;324.9153417189018;268
2025-11-23T20:27:57.565+01:00;188;0;0;0;0;268;188;0;0;0;188;188;188;0;302.4459747598375;268
2025-11-23T20:32:57.567+01:00;211;0;0;0;0;268;211;0;0;0;211;211;211;0;281.00274237501367;268
2025-11-23T20:37:24.587+01:00;217;0;0;0;0;268;217;0;0;0;0;217;0;217;268;268
2025-11-23T20:42:24.571+01:00;212;0;0;0;0;268;212;0;0;0;0;212;0;212;268;268
2025-11-23T20:47:50.579+01:00;379;0;0;0;0;268;379;0;0;0;0;379;0;379;268;268
2025-11-23T20:52:50.627+01:00;376;0;0;0;0;268;376;0;0;0;0;376;0;376;268;268
2025-11-23T20:58:19.583+01:00;378;0;0;0;0;268;378;0;0;0;0;378;0;378;268;268
2025-11-23T21:08:45.574+01:00;386;0;0;0;0;268;386;0;0;0;0;386;0;386;268;268
2025-11-23T21:12:45.572+01:00;357;0;0;0;0;268;357;0;0;0;0;357;0;357;268;268
2025-11-23T21:18:11.398+01:00;374;0;0;0;0;268;374;0;0;0;0;374;0;374;268;268
2025-11-23T21:23:11.566+01:00;378;0;0;0;0;268;378;0;0;0;0;378;0;378;268;268
2025-11-23T21:28:37.399+01:00;282;0;0;0;0;268;282;0;0;0;0;282;0;282;268;268
2025-11-23T21:33:38.560+01:00;221;0;0;0;0;268;221;0;0;0;0;221;0;221;268;268
2025-11-23T21:39:04.412+01:00;271;0;0;0;0;268;271;0;0;0;0;271;0;271;268;268
2025-11-23T21:43:04.583+01:00;223;0;0;0;0;268;223;0;0;0;0;223;0;223;268;268
2025-11-23T21:48:05.645+01:00;211;0;0;0;0;268;211;0;0;0;0;211;0;211;268;268
2025-11-23T21:53:32.567+01:00;209;0;0;0;0;268;209;0;0;0;0;209;0;209;268;268
2025-11-23T21:58:33.571+01:00;205;0;0;0;0;268;205;0;0;0;0;205;0;205;268;268
2025-11-23T22:02:59.582+01:00;203;0;0;0;0;268;203;0;0;0;0;203;0;203;268;268
2025-11-23T22:08:00.886+01:00;202;0;0;0;0;268;202;0;0;0;0;202;0;202;268;268
2025-11-23T22:12:27.573+01:00;184;0;0;0;0;268;184;0;0;0;0;184;0;184;268;268
2025-11-23T22:13:27.563+01:00;188;0;0;0;0;268;188;0;0;0;0;188;0;188;268;268
2025-11-23T22:14:27.566+01:00;190;0;0;0;0;268;190;0;0;0;0;190;0;190;268;268
2025-11-23T22:15:27.575+01:00;191;0;0;0;0;268;191;0;0;0;0;191;0;191;268;268
2025-11-23T22:16:27.585+01:00;196;0;0;0;0;268;196;0;0;0;0;196;0;196;268;268
2025-11-23T22:20:20.420+01:00;195;0;0;0;0;268;195;0;0;0;0;195;0;195;268;268
2025-11-23T22:20:22.005+01:00;195;0;0;0;0;268;195;0;0;0;0;195;0;195;268;268
2025-11-23T22:20:22.008+01:00;195;0;0;0;0;268;195;0;0;0;0;195;0;195;268;268
2025-11-23T22:21:20.558+01:00;195;0;0;0;0;268;195;0;0;0;0;195;0;195;268;268
2025-11-23T22:21:20.575+01:00;195;0;0;0;0;268;195;0;0;0;0;195;0;195;268;268
2025-11-23T22:21:20.580+01:00;195;0;0;0;0;268;195;0;0;0;0;195;0;195;268;268
2025-11-23T22:21:20.586+01:00;195;0;0;0;0;268;195;0;0;0;0;195;0;195;268;268
2025-11-23T22:23:20.495+01:00;193;0;0;0;0;268;193;0;0;0;0;193;0;193;268;268
2025-11-23T22:28:20.499+01:00;211;0;0;0;0;268;211;0;0;0;0;211;0;211;268;268
2025-11-23T22:33:46.523+01:00;212;0;0;0;0;268;212;0;0;0;0;212;0;212;268;268
2025-11-23T22:38:46.493+01:00;195;0;0;0;0;268;195;0;0;0;0;195;0;195;268;268
2025-11-23T22:43:12.489+01:00;187;0;0;0;0;268;187;0;0;0;0;187;0;187;268;268
2025-11-23T22:53:38.482+01:00;211;0;0;0;0;268;211;0;0;0;0;211;0;211;268;268
2025-11-23T23:04:04.511+01:00;212;0;0;0;0;268;212;0;0;0;0;212;0;212;268;268
2025-11-23T23:09:04.492+01:00;209;0;0;0;0;268;209;0;0;0;0;209;0;209;268;268
2025-11-23T23:13:30.499+01:00;208;0;0;0;0;268;208;0;0;0;0;208;0;208;268;268
2025-11-23T23:18:30.500+01:00;212;0;0;0;0;268;212;0;0;0;0;212;0;212;268;268
2025-11-23T23:23:56.474+01:00;208;0;0;0;0;268;208;0;0;0;0;208;0;208;268;268
2025-11-23T23:28:56.476+01:00;206;0;0;0;0;268;206;0;0;0;0;206;0;206;268;268
2025-11-23T23:34:22.482+01:00;207;0;0;0;0;268;207;0;0;0;0;207;0;207;268;268
2025-11-23T23:39:22.491+01:00;187;0;0;0;0;268;187;0;0;0;0;187;0;187;268;268
2025-11-23T23:44:48.520+01:00;188;0;0;0;0;268;188;0;0;0;0;188;0;188;268;268
2025-11-23T23:48:48.489+01:00;187;0;0;0;0;268;187;0;0;0;0;187;0;187;268;268
2025-11-23T23:59:14.480+01:00;186;0;0;0;0;268;186;0;0;0;0;186;0;186;268;268
