timestamp;netzbezug;hausabgabe;solarleistung;akkuLadung;akkuEntladung;akkuLadestand;gesamtVerbrauch;simulierteSolarleistung;tmpSimulierteHausabgabe;simulierteAkkuLadung;simulierteVerpuffteSolarleistung;simulierteAkkuEntladung;tmpSimulierterNetzbezug;simulierteHausabgabe;simulierterNetzbezug;simulierterAkkuLadestand;normierterAkkuLadestand
2025-12-11T00:00:00.000+01:00;231;0;0;0;0;241;231;0;0;0;0;231;231;231;0;241;241
2025-12-11T00:02:48.261+01:00;229;0;0;0;0;241;229;0;0;0;0;0;229;0;229;268;268
2025-12-11T00:07:48.258+01:00;214;0;0;0;0;241;214;0;0;0;0;0;214;0;214;268;268
2025-12-11T00:13:16.259+01:00;238;0;0;0;0;241;238;0;0;0;0;0;238;0;238;268;268
2025-12-11T00:18:16.264+01:00;218;0;0;0;0;241;218;0;0;0;0;0;218;0;218;268;268
2025-12-11T00:22:41.309+01:00;176;0;0;0;0;241;176;0;0;0;0;0;176;0;176;268;268
2025-12-11T00:27:41.263+01:00;183;0;0;0;0;241;183;0;0;0;0;0;183;0;183;268;268
2025-12-11T00:33:06.263+01:00;234;0;0;0;0;241;234;0;0;0;0;0;234;0;234;268;268
2025-12-11T00:38:06.260+01:00;2046;0;0;0;0;241;2046;0;0;0;0;0;2046;0;2046;268;268
2025-12-11T00:43:31.263+01:00;247;0;0;0;0;241;247;0;0;0;0;0;247;0;247;268;268
2025-12-11T00:48:31.268+01:00;228;0;0;0;0;241;228;0;0;0;0;0;228;0;228;268;268
2025-12-11T00:53:56.266+01:00;230;0;0;0;0;241;230;0;0;0;0;0;230;0;230;268;268
2025-12-11T00:57:56.263+01:00;213;0;0;0;0;241;213;0;0;0;0;0;213;0;213;268;268
2025-12-11T01:03:21.440+01:00;200;0;0;0;0;241;200;0;0;0;0;0;200;0;200;268;268
2025-12-11T01:08:21.262+01:00;178;0;0;0;0;241;178;0;0;0;0;0;178;0;178;268;268
2025-12-11T01:13:46.400+01:00;184;0;0;0;0;241;184;0;0;0;0;0;184;0;184;268;268
2025-12-11T01:18:46.269+01:00;181;0;0;0;0;241;181;0;0;0;0;0;181;0;181;268;268
2025-12-11T01:24:11.397+01:00;202;0;0;0;0;241;202;0;0;0;0;0;202;0;202;268;268
2025-12-11T01:28:11.266+01:00;206;0;0;0;0;241;206;0;0;0;0;0;206;0;206;268;268
2025-12-11T01:33:11.259+01:00;204;0;0;0;0;241;204;0;0;0;0;0;204;0;204;268;268
2025-12-11T01:38:36.267+01:00;200;0;0;0;0;241;200;0;0;0;0;0;200;0;200;268;268
2025-12-11T01:43:36.261+01:00;199;0;0;0;0;241;199;0;0;0;0;0;199;0;199;268;268
2025-12-11T01:49:01.261+01:00;200;0;0;0;0;241;200;0;0;0;0;0;200;0;200;268;268
2025-12-11T01:54:01.301+01:00;176;0;0;0;0;241;176;0;0;0;0;0;176;0;176;268;268
2025-12-11T01:58:26.277+01:00;179;0;0;0;0;241;179;0;0;0;0;0;179;0;179;268;268
2025-12-11T02:03:26.262+01:00;181;0;0;0;0;241;181;0;0;0;0;0;181;0;181;268;268
2025-12-11T02:08:51.280+01:00;178;0;0;0;0;241;178;0;0;0;0;0;178;0;178;268;268
2025-12-11T02:13:51.265+01:00;175;0;0;0;0;241;175;0;0;0;0;0;175;0;175;268;268
2025-12-11T02:19:16.283+01:00;176;0;0;0;0;241;176;0;0;0;0;0;176;0;176;268;268
2025-12-11T02:24:16.257+01:00;177;0;0;0;0;241;177;0;0;0;0;0;177;0;177;268;268
2025-12-11T02:28:41.293+01:00;196;0;0;0;0;241;196;0;0;0;0;0;196;0;196;268;268
2025-12-11T02:33:41.258+01:00;202;0;0;0;0;241;202;0;0;0;0;0;202;0;202;268;268
2025-12-11T02:39:06.266+01:00;196;0;0;0;0;241;196;0;0;0;0;0;196;0;196;268;268
2025-12-11T02:44:06.270+01:00;194;0;0;0;0;241;194;0;0;0;0;0;194;0;194;268;268
2025-12-11T02:49:31.259+01:00;192;0;0;0;0;241;192;0;0;0;0;0;192;0;192;268;268
2025-12-11T02:54:31.268+01:00;199;0;0;0;0;241;199;0;0;0;0;0;199;0;199;268;268
2025-12-11T02:58:56.268+01:00;191;0;0;0;0;241;191;0;0;0;0;0;191;0;191;268;268
2025-12-11T03:03:56.343+01:00;175;0;0;0;0;241;175;0;0;0;0;0;175;0;175;268;268
2025-12-11T03:14:21.261+01:00;174;0;0;0;0;241;174;0;0;0;0;0;174;0;174;268;268
2025-12-11T03:19:46.273+01:00;173;0;0;0;0;241;173;0;0;0;0;0;173;0;173;268;268
2025-12-11T03:23:46.265+01:00;176;0;0;0;0;241;176;0;0;0;0;0;176;0;176;268;268
2025-12-11T03:34:11.271+01:00;182;0;0;0;0;241;182;0;0;0;0;0;182;0;182;268;268
2025-12-11T03:39:36.403+01:00;176;0;0;0;0;241;176;0;0;0;0;0;176;0;176;268;268
2025-12-11T03:44:36.265+01:00;177;0;0;0;0;241;177;0;0;0;0;0;177;0;177;268;268
2025-12-11T03:50:01.423+01:00;173;0;0;0;0;241;173;0;0;0;0;0;173;0;173;268;268
2025-12-11T03:54:01.262+01:00;176;0;0;0;0;241;176;0;0;0;0;0;176;0;176;268;268
2025-12-11T03:59:01.264+01:00;199;0;0;0;0;241;199;0;0;0;0;0;199;0;199;268;268
2025-12-11T04:04:26.270+01:00;195;0;0;0;0;241;195;0;0;0;0;0;195;0;195;268;268
2025-12-11T04:14:51.268+01:00;197;0;0;0;0;241;197;0;0;0;0;0;197;0;197;268;268
2025-12-11T04:19:51.259+01:00;194;0;0;0;0;241;194;0;0;0;0;0;194;0;194;268;268
2025-12-11T04:24:16.281+01:00;195;0;0;0;0;241;195;0;0;0;0;0;195;0;195;268;268
2025-12-11T04:29:16.272+01:00;204;0;0;0;0;241;204;0;0;0;0;0;204;0;204;268;268
2025-12-11T04:39:41.274+01:00;202;0;0;0;0;241;202;0;0;0;0;0;202;0;202;268;268
2025-12-11T04:45:06.301+01:00;201;0;0;0;0;241;201;0;0;0;0;0;201;0;201;268;268
2025-12-11T04:50:06.263+01:00;197;0;0;0;0;241;197;0;0;0;0;0;197;0;197;268;268
2025-12-11T04:54:31.263+01:00;198;0;0;0;0;241;198;0;0;0;0;0;198;0;198;268;268
2025-12-11T04:59:31.328+01:00;199;0;0;0;0;241;199;0;0;0;0;0;199;0;199;268;268
2025-12-11T05:09:56.279+01:00;174;0;0;0;0;241;174;0;0;0;0;0;174;0;174;268;268
2025-12-11T05:20:21.271+01:00;176;0;0;0;0;241;176;0;0;0;0;0;176;0;176;268;268
2025-12-11T05:24:46.263+01:00;195;0;0;0;0;241;195;0;0;0;0;0;195;0;195;268;268
2025-12-11T05:29:46.285+01:00;197;0;0;0;0;241;197;0;0;0;0;0;197;0;197;268;268
2025-12-11T05:35:11.440+01:00;195;0;0;0;0;241;195;0;0;0;0;0;195;0;195;268;268
2025-12-11T05:45:36.323+01:00;192;0;0;0;0;241;192;0;0;0;0;0;192;0;192;268;268
2025-12-11T05:50:36.264+01:00;196;0;0;0;0;241;196;0;0;0;0;0;196;0;196;268;268
2025-12-11T05:56:01.289+01:00;175;0;0;0;0;241;175;0;0;0;0;0;175;0;175;268;268
2025-12-11T06:05:26.412+01:00;178;0;0;0;0;241;178;0;0;0;0;0;178;0;178;268;268
2025-12-11T06:10:26.273+01:00;184;0;0;0;0;241;184;0;0;0;0;0;184;0;184;268;268
2025-12-11T06:15:51.414+01:00;176;0;0;0;0;241;176;0;0;0;0;0;176;0;176;268;268
2025-12-11T06:26:16.428+01:00;175;0;0;0;0;241;175;0;0;0;0;0;175;0;175;268;268
2025-12-11T06:30:16.284+01:00;196;0;0;0;0;241;196;0;0;0;0;0;196;0;196;268;268
2025-12-11T06:35:16.273+01:00;206;0;0;0;0;241;206;0;0;0;0;0;206;0;206;268;268
2025-12-11T06:40:41.272+01:00;204;0;0;0;0;241;204;0;0;0;0;0;204;0;204;268;268
2025-12-11T06:45:41.279+01:00;194;0;0;0;0;241;194;0;0;0;0;0;194;0;194;268;268
2025-12-11T06:51:06.281+01:00;193;0;0;0;0;241;193;0;0;0;0;0;193;0;193;268;268
2025-12-11T06:56:06.278+01:00;236;0;0;0;0;241;236;0;0;0;0;0;236;0;236;268;268
2025-12-11T07:00:31.301+01:00;1644;0;0;0;0;241;1644;0;0;0;0;0;1644;0;1644;268;268
2025-12-11T07:05:31.267+01:00;1590;0;0;0;0;241;1590;0;0;0;0;0;1590;0;1590;268;268
2025-12-11T07:10:56.446+01:00;1025;0;0;0;0;241;1025;0;0;0;0;0;1025;0;1025;268;268
2025-12-11T07:15:56.270+01:00;226;0;0;0;0;241;226;0;0;0;0;0;226;0;226;268;268
2025-12-11T07:20:21.291+01:00;356;0;0;0;0;241;356;0;0;0;0;0;356;0;356;268;268
2025-12-11T07:26:21.374+01:00;428;0;0;0;0;241;428;0;0;0;0;0;428;0;428;268;268
2025-12-11T07:30:46.309+01:00;1654;0;0;0;0;241;1654;0;0;0;0;0;1654;0;1654;268;268
2025-12-11T07:35:46.283+01:00;277;0;0;0;0;241;277;0;0;0;0;0;277;0;277;268;268
2025-12-11T07:41:11.273+01:00;273;0;0;0;0;241;273;0;0;0;0;0;273;0;273;268;268
2025-12-11T07:46:11.280+01:00;275;0;0;0;0;241;275;0;0;0;0;0;275;0;275;268;268
2025-12-11T07:50:36.279+01:00;344;0;0;0;0;241;344;0;0;0;0;0;344;0;344;268;268
2025-12-11T07:55:36.313+01:00;244;0;0;0;0;241;244;0;0;0;0;0;244;0;244;268;268
2025-12-11T08:01:01.292+01:00;243;0;0;0;0;241;243;0;0;0;0;0;243;0;243;268;268
2025-12-11T08:06:01.299+01:00;194;0;0;0;0;241;194;0;0;0;0;0;194;0;194;268;268
2025-12-11T08:11:27.287+01:00;213;0;0;0;0;241;213;0;0;0;0;0;213;0;213;268;268
2025-12-11T08:16:27.314+01:00;215;0;0;0;0;241;215;0;0;0;0;0;215;0;215;268;268
2025-12-11T08:21:52.272+01:00;277;0;0;0;0;241;277;0;0;0;0;0;277;0;277;268;268
2025-12-11T08:25:52.298+01:00;184;0;0;0;0;241;184;0;0;0;0;0;184;0;184;268;268
2025-12-11T08:36:18.277+01:00;218;0;0;0;0;241;218;0;0;0;0;0;218;0;218;268;268
2025-12-11T08:41:43.430+01:00;218;0;71;0;0;241;218;142;142;0;0;0;76;142;76;268;268
2025-12-11T08:41:43.439+01:00;210;0;71;0;0;241;210;142;142;0;0;0;68;142;68;268;268
2025-12-11T08:41:43.449+01:00;210;0;71;71;0;241;210;142;142;0;0;0;68;142;68;268;268.00017355555553
2025-12-11T08:46:43.274+01:00;210;0;79;71;0;241;210;158;158;0;0;0;52;158;52;268;273.203803
2025-12-11T08:46:43.283+01:00;189;0;79;71;0;241;189;158;158;0;0;0;31;158;31;268;273.2039592
2025-12-11T08:46:43.288+01:00;189;0;79;79;0;241;189;158;158;0;0;0;31;158;31;268;273.20405575555554
2025-12-11T08:52:08.442+01:00;189;0;61;79;0;241;189;122;122;0;0;0;67;122;67;268;279.48314077777775
2025-12-11T08:52:08.445+01:00;189;0;61;79;0;268;189;122;122;0;0;0;67;122;67;268;279.4831987111111
2025-12-11T08:52:08.450+01:00;216;0;61;79;0;268;216;122;122;0;0;0;94;122;94;268;279.48329526666663
2025-12-11T08:52:08.461+01:00;216;0;61;61;0;268;216;122;122;0;0;0;94;122;94;268;279.48345928888887
2025-12-11T08:56:08.282+01:00;216;0;57;61;0;268;216;114;114;0;0;0;102;114;102;268;283.05945686666666
2025-12-11T08:56:08.290+01:00;183;0;57;61;0;268;183;114;114;0;0;0;69;114;69;268;283.05957615555553
2025-12-11T08:56:08.295+01:00;183;0;57;57;0;268;183;114;114;0;0;0;69;114;69;268;283.0596458222222
2025-12-11T09:01:08.273+01:00;183;0;59;57;0;268;183;118;118;0;0;0;65;118;65;268;287.23933928888886
2025-12-11T09:01:08.282+01:00;213;0;59;57;0;268;213;118;118;0;0;0;95;118;95;268;287.23946468888886
2025-12-11T09:01:08.286+01:00;213;0;59;59;0;268;213;118;118;0;0;0;95;118;95;268;287.23952237777775
2025-12-11T09:06:35.282+01:00;213;0;60;59;0;268;213;120;120;0;0;0;93;120;93;268;291.95553135555554
2025-12-11T09:06:35.289+01:00;212;0;60;59;0;268;212;120;120;0;0;0;92;120;92;268;291.9556323111111
2025-12-11T09:06:35.294+01:00;212;0;60;60;0;268;212;120;120;0;0;0;92;120;92;268;291.95570564444444
2025-12-11T09:11:35.275+01:00;212;0;68;60;0;268;212;136;136;0;0;0;76;136;76;268;296.35542697777777
2025-12-11T09:11:35.284+01:00;207;0;68;60;0;268;207;136;136;0;0;0;71;136;71;268;296.3555589777778
2025-12-11T09:11:35.289+01:00;207;0;68;68;0;268;207;136;136;0;0;0;71;136;71;268;296.3556420888889
2025-12-11T09:17:00.325+01:00;207;0;88;68;0;268;207;176;176;0;0;0;31;176;31;268;301.7584627111111
2025-12-11T09:17:00.334+01:00;190;0;88;68;0;295;190;176;176;0;0;0;14;176;14;268;301.7586123111111
2025-12-11T09:17:00.346+01:00;190;0;88;88;0;295;190;176;176;0;0;0;14;176;14;268;301.7588704444444
2025-12-11T09:22:00.280+01:00;190;0;73;88;0;295;190;146;146;0;0;0;44;146;44;268;308.21078404444444
2025-12-11T09:22:00.289+01:00;355;0;73;88;0;295;355;146;146;0;0;0;209;146;209;268;308.2109776444444
2025-12-11T09:22:00.293+01:00;355;0;73;73;0;295;355;146;146;0;0;0;209;146;209;268;308.2110490222222
2025-12-11T09:26:25.314+01:00;355;0;76;73;0;295;355;152;152;0;0;0;203;152;203;268;312.9402015333333
2025-12-11T09:26:25.322+01:00;335;0;76;73;0;295;335;152;152;0;0;0;183;152;183;268;312.94034428888887
2025-12-11T09:26:25.327+01:00;335;0;76;76;0;295;335;152;152;0;0;0;183;152;183;268;312.94043717777777
2025-12-11T09:31:25.283+01:00;335;0;93;76;0;295;335;186;186;0;0;0;149;186;149;268;318.5129530888889
2025-12-11T09:31:25.292+01:00;320;0;93;76;0;295;320;186;186;0;0;0;134;186;134;268;318.5131202888889
2025-12-11T09:31:25.296+01:00;320;0;93;93;0;295;320;186;186;0;0;0;134;186;134;268;318.51321122222225
2025-12-11T09:36:50.282+01:00;320;0;78;93;0;295;320;156;156;0;0;0;164;156;164;268;325.9012262888889
2025-12-11T09:36:50.290+01:00;320;0;78;93;0;322;320;156;156;0;0;0;164;156;164;268;325.90140815555554
2025-12-11T09:36:50.291+01:00;335;0;78;93;0;322;335;156;156;0;0;0;179;156;179;268;325.90143088888885
2025-12-11T09:36:50.296+01:00;335;0;78;78;0;322;335;156;156;0;0;0;179;156;179;268;325.9015262222222
2025-12-11T09:41:50.280+01:00;335;0;67;78;0;322;335;134;134;0;0;0;201;134;201;268;331.62122115555553
2025-12-11T09:41:50.288+01:00;331;0;67;78;0;322;331;134;134;0;0;0;197;134;197;268;331.62137368888887
2025-12-11T09:41:50.292+01:00;331;0;67;67;0;322;331;134;134;0;0;0;197;134;197;268;331.6214392
2025-12-11T09:47:15.291+01:00;331;0;79;67;0;322;331;158;158;0;0;0;173;158;173;268;336.9442006
2025-12-11T09:47:15.300+01:00;330;0;79;67;0;322;330;158;158;0;0;0;172;158;172;268;336.944348
2025-12-11T09:47:15.303+01:00;330;0;79;79;0;322;330;158;158;0;0;0;172;158;172;268;336.9444059333333
2025-12-11T09:52:15.279+01:00;330;0;103;79;0;322;330;206;206;0;0;0;124;206;124;268;342.73727579999996
2025-12-11T09:52:15.288+01:00;353;0;103;79;0;322;353;206;206;0;0;0;147;206;147;268;342.7374496
2025-12-11T09:52:15.298+01:00;353;0;103;103;0;322;353;206;206;0;0;0;147;206;147;268;342.7377013777778
2025-12-11T09:56:40.285+01:00;353;0;101;103;0;322;353;202;202;0;0;0;151;202;151;268;349.4094851777778
2025-12-11T09:56:40.292+01:00;353;340;101;103;0;322;693;202;202;0;0;0;491;202;491;268;349.40966142222226
2025-12-11T09:56:40.293+01:00;353;340;101;103;0;295;693;202;202;0;0;0;491;202;491;268;349.40968660000004
2025-12-11T09:56:40.294+01:00;0;340;101;103;0;295;340;202;202;0;0;0;138;202;138;268;349.40971177777783
2025-12-11T09:56:40.299+01:00;0;340;101;0;0;295;340;202;202;0;0;0;138;202;138;268;349.40971177777783
2025-12-11T09:56:40.300+01:00;0;340;101;0;239;295;340;202;202;0;0;0;138;202;138;268;349.40963081571823
2025-12-11T10:01:40.283+01:00;0;340;76;0;239;295;340;152;152;0;0;0;188;152;188;268;325.1223892845529
2025-12-11T10:01:40.291+01:00;0;76;76;0;239;295;76;152;76;76;0;0;0;76;0;268.00014862222224;325.12174158807596
2025-12-11T10:01:40.292+01:00;0;76;76;0;239;268;76;152;76;76;0;0;0;76;0;268.0001672;325.12166062601636
2025-12-11T10:01:40.293+01:00;244;76;76;0;239;268;320;152;152;0;0;168;168;320;0;268.00010579649125;325.12157966395677
2025-12-11T10:01:40.298+01:00;244;76;76;0;0;268;320;152;152;0;0;0;168;152;168;268;325.12157966395677
2025-12-11T10:07:06.288+01:00;244;76;65;0;0;268;320;130;130;0;0;0;190;130;190;268;325.12157966395677
2025-12-11T10:07:06.290+01:00;244;65;65;0;0;268;309;130;130;0;0;0;179;130;179;268;325.12157966395677
2025-12-11T10:07:06.297+01:00;271;65;65;0;0;268;336;130;130;0;0;0;206;130;206;268;325.12157966395677
2025-12-11T10:09:06.313+01:00;271;65;61;0;0;268;336;122;122;0;0;0;214;122;214;268;325.12157966395677
2025-12-11T10:09:06.320+01:00;271;61;61;0;0;268;332;122;122;0;0;0;210;122;210;268;325.12157966395677
2025-12-11T10:09:06.322+01:00;264;61;61;0;0;268;325;122;122;0;0;0;203;122;203;268;325.12157966395677
2025-12-11T10:10:06.279+01:00;264;61;65;0;0;268;325;130;130;0;0;0;195;130;195;268;325.12157966395677
2025-12-11T10:10:06.281+01:00;264;65;65;0;0;268;329;130;130;0;0;0;199;130;199;268;325.12157966395677
2025-12-11T10:10:06.287+01:00;271;65;65;0;0;268;336;130;130;0;0;0;206;130;206;268;325.12157966395677
2025-12-11T10:11:06.271+01:00;271;65;72;0;0;268;336;144;144;0;0;0;192;144;192;268;325.12157966395677
2025-12-11T10:11:06.273+01:00;271;72;72;0;0;268;343;144;144;0;0;0;199;144;199;268;325.12157966395677
2025-12-11T10:11:06.280+01:00;262;72;72;0;0;268;334;144;144;0;0;0;190;144;190;268;325.12157966395677
2025-12-11T10:12:06.281+01:00;262;72;79;0;0;268;334;158;158;0;0;0;176;158;176;268;325.12157966395677
2025-12-11T10:12:06.283+01:00;262;79;79;0;0;268;341;158;158;0;0;0;183;158;183;268;325.12157966395677
2025-12-11T10:12:06.290+01:00;260;79;79;0;0;268;339;158;158;0;0;0;181;158;181;268;325.12157966395677
2025-12-11T10:13:06.272+01:00;260;79;84;0;0;268;339;168;168;0;0;0;171;168;171;268;325.12157966395677
2025-12-11T10:13:06.274+01:00;260;84;84;0;0;268;344;168;168;0;0;0;176;168;176;268;325.12157966395677
2025-12-11T10:13:06.280+01:00;275;84;84;0;0;268;359;168;168;0;0;0;191;168;191;268;325.12157966395677
2025-12-11T10:14:06.275+01:00;275;84;85;0;0;268;359;170;170;0;0;0;189;170;189;268;325.12157966395677
2025-12-11T10:14:06.277+01:00;275;85;85;0;0;268;360;170;170;0;0;0;190;170;190;268;325.12157966395677
2025-12-11T10:14:06.282+01:00;252;85;85;0;0;268;337;170;170;0;0;0;167;170;167;268;325.12157966395677
2025-12-11T10:16:32.280+01:00;252;85;95;0;0;268;337;190;190;0;0;0;147;190;147;268;325.12157966395677
2025-12-11T10:16:32.282+01:00;252;95;95;0;0;268;347;190;190;0;0;0;157;190;157;268;325.12157966395677
2025-12-11T10:16:32.284+01:00;260;95;95;0;0;268;355;190;190;0;0;0;165;190;165;268;325.12157966395677
2025-12-11T10:21:32.272+01:00;260;95;83;0;0;268;355;166;166;0;0;0;189;166;189;268;325.12157966395677
2025-12-11T10:21:32.274+01:00;260;83;83;0;0;268;343;166;166;0;0;0;177;166;177;268;325.12157966395677
2025-12-11T10:21:32.281+01:00;276;83;83;0;0;268;359;166;166;0;0;0;193;166;193;268;325.12157966395677
2025-12-11T10:26:57.324+01:00;276;83;105;0;0;268;359;210;210;0;0;0;149;210;149;268;325.12157966395677
2025-12-11T10:26:57.326+01:00;276;105;105;0;0;268;381;210;210;0;0;0;171;210;171;268;325.12157966395677
2025-12-11T10:26:57.328+01:00;251;105;105;0;0;268;356;210;210;0;0;0;146;210;146;268;325.12157966395677
2025-12-11T10:31:57.280+01:00;251;105;131;0;0;268;356;262;262;0;0;0;94;262;94;268;325.12157966395677
2025-12-11T10:31:57.282+01:00;251;131;131;0;0;268;382;262;262;0;0;0;120;262;120;268;325.12157966395677
2025-12-11T10:31:57.290+01:00;219;131;131;0;0;268;350;262;262;0;0;0;88;262;88;268;325.12157966395677
2025-12-11T10:37:22.287+01:00;219;131;128;0;0;268;350;256;256;0;0;0;94;256;94;268;325.12157966395677
2025-12-11T10:37:22.289+01:00;219;128;128;0;0;268;347;256;256;0;0;0;91;256;91;268;325.12157966395677
2025-12-11T10:37:22.290+01:00;222;128;128;0;0;268;350;256;256;0;0;0;94;256;94;268;325.12157966395677
2025-12-11T10:42:22.293+01:00;222;128;133;0;0;268;350;266;266;0;0;0;84;266;84;268;325.12157966395677
2025-12-11T10:42:22.295+01:00;222;133;133;0;0;268;355;266;266;0;0;0;89;266;89;268;325.12157966395677
2025-12-11T10:47:48.292+01:00;222;133;157;0;0;268;355;314;314;0;0;0;41;314;41;268;325.12157966395677
2025-12-11T10:47:48.294+01:00;222;157;157;0;0;268;379;314;314;0;0;0;65;314;65;268;325.12157966395677
2025-12-11T10:47:48.301+01:00;199;157;157;0;0;268;356;314;314;0;0;0;42;314;42;268;325.12157966395677
2025-12-11T10:51:48.316+01:00;199;157;199;0;0;268;356;398;356;42;0;0;0;356;0;270.464154;325.12157966395677
2025-12-11T10:51:48.319+01:00;199;199;199;0;0;268;398;398;398;0;0;0;0;398;0;270.464154;325.12157966395677
2025-12-11T10:51:48.320+01:00;155;199;199;0;0;268;354;398;354;44;0;0;0;354;0;270.46416475555554;325.12157966395677
2025-12-11T10:57:13.429+01:00;155;199;158;0;0;268;354;316;316;0;0;0;38;316;38;268;325.12157966395677
2025-12-11T10:57:13.431+01:00;155;158;158;0;0;268;313;316;313;3;0;0;0;313;0;268.0000014666667;325.12157966395677
2025-12-11T10:57:13.437+01:00;176;158;158;0;0;268;334;316;316;0;0;0;18;316;18;268;325.12157966395677
2025-12-11T10:58:13.285+01:00;176;158;151;0;0;268;334;302;302;0;0;0;32;302;32;268;325.12157966395677
2025-12-11T10:58:13.288+01:00;176;151;151;0;0;268;327;302;302;0;0;0;25;302;25;268;325.12157966395677
2025-12-11T10:58:13.289+01:00;183;151;151;0;0;268;334;302;302;0;0;0;32;302;32;268;325.12157966395677
2025-12-11T10:59:13.273+01:00;183;151;348;0;0;268;334;696;334;362;0;0;0;334;0;273.3079175111111;325.12157966395677
2025-12-11T10:59:13.280+01:00;183;335;348;0;0;268;518;696;518;178;0;0;0;518;0;273.3082220888889;325.12157966395677
2025-12-11T10:59:13.282+01:00;0;335;348;0;0;295;335;696;335;361;0;0;0;335;0;273.3083985777778;325.12157966395677
2025-12-11T10:59:13.287+01:00;0;335;348;13;0;295;335;696;335;361;0;0;0;335;0;273.3088398;325.12159555284563
2025-12-11T11:00:13.306+01:00;0;335;250;13;0;295;335;500;335;165;0;0;0;335;0;275.72960613333333;325.31232259729006
2025-12-11T11:00:13.314+01:00;0;338;250;13;0;295;338;500;338;162;0;0;0;338;0;275.72992293333334;325.3123480195123
2025-12-11T11:00:13.319+01:00;0;338;250;0;0;295;338;500;338;162;0;0;0;338;0;275.73012093333335;325.3123480195123
2025-12-11T11:00:13.320+01:00;0;338;250;0;88;295;338;500;338;162;0;0;0;338;0;275.73016053333333;325.3123130988774
2025-12-11T11:01:13.298+01:00;0;338;192;0;88;295;338;384;338;46;0;0;0;338;0;276.4045798222222;323.21784325760757
2025-12-11T11:01:13.301+01:00;0;336;192;0;88;295;336;384;336;48;0;0;0;336;0;276.40461502222223;323.2177384957028
2025-12-11T11:01:13.313+01:00;0;336;192;0;144;295;336;384;336;48;0;0;0;336;0;276.4047558222222;323.2171069167554
2025-12-11T11:02:13.310+01:00;0;336;157;0;144;295;336;314;314;0;0;22;22;336;0;275.8809724888889;320.0593700746502
2025-12-11T11:02:13.318+01:00;0;157;157;0;144;295;157;314;157;157;0;0;0;157;0;275.88127951111113;320.0589490220186
2025-12-11T11:02:13.319+01:00;0;157;157;0;144;268;157;314;157;157;0;0;0;157;0;275.88131788888893;320.05889639043966
2025-12-11T11:02:13.320+01:00;177;157;157;0;144;268;334;314;314;0;0;20;20;334;0;275.881309952381;320.0588437588607
2025-12-11T11:02:13.325+01:00;177;157;157;0;0;268;334;314;314;0;0;20;20;334;0;275.8812702698413;320.0588437588607
2025-12-11T11:03:13.297+01:00;177;157;187;0;0;268;334;374;334;40;0;0;0;334;0;276.4676631587302;320.0588437588607
2025-12-11T11:03:13.299+01:00;177;187;187;0;0;268;364;374;364;10;0;0;0;364;0;276.4676680476191;320.0588437588607
2025-12-11T11:03:13.305+01:00;129;187;187;0;0;268;316;374;316;58;0;0;0;316;0;276.46775311428576;320.0588437588607
2025-12-11T11:07:38.420+01:00;129;187;275;0;0;268;316;550;316;234;0;0;0;316;0;291.63233111428576;320.0588437588607
2025-12-11T11:07:38.422+01:00;129;275;275;0;0;268;404;550;404;146;0;0;0;404;0;291.63240249206353;320.0588437588607
2025-12-11T11:07:38.428+01:00;57;275;275;0;0;268;332;550;332;218;0;0;0;332;0;291.6327222253969;320.0588437588607
2025-12-11T11:12:38.270+01:00;57;275;723;0;0;268;332;1446;332;1114;0;0;0;332;0;373.2830304031747;320.0588437588607
2025-12-11T11:12:38.278+01:00;57;330;723;0;0;268;387;1446;387;1059;0;0;0;387;0;373.28510133650803;320.0588437588607
2025-12-11T11:12:38.279+01:00;57;330;723;0;0;349;387;1446;387;1059;0;0;0;387;0;373.2853602031747;320.0588437588607
2025-12-11T11:12:38.280+01:00;0;330;723;0;0;349;330;1446;330;1116;0;0;0;330;0;373.2856330031747;320.0588437588607
2025-12-11T11:12:38.284+01:00;0;330;723;393;0;349;330;1446;330;1116;0;0;0;330;0;373.28672420317474;320.0592280255274
2025-12-11T11:18:03.449+01:00;0;330;782;393;0;349;330;1564;330;1234;0;0;0;330;0;471.3709399809525;351.29674569219407
2025-12-11T11:18:03.451+01:00;0;332;782;393;0;349;332;1564;332;1232;0;0;0;332;0;471.3715422920636;351.2969378255274
2025-12-11T11:18:03.452+01:00;0;332;782;393;0;376;332;1564;332;1232;0;0;0;332;0;471.3718434476192;351.29703389219407
2025-12-11T11:18:03.494+01:00;0;332;782;450;0;376;332;1564;332;1232;0;0;0;332;0;471.38449198095253;351.30165389219405
2025-12-11T11:22:03.326+01:00;0;332;775;450;0;376;332;1550;332;1218;0;0;0;332;0;542.7904727809525;377.6831738921941
2025-12-11T11:22:03.330+01:00;0;269;775;450;0;376;269;1550;269;1281;0;0;0;269;0;542.7917253142858;377.6836138921941
2025-12-11T11:22:03.338+01:00;0;269;775;450;0;430;269;1550;269;1281;0;0;0;269;0;542.7942303809525;377.6844938921941
2025-12-11T11:22:03.349+01:00;0;269;775;506;0;430;269;1550;269;1281;0;0;0;269;0;542.7976748476192;377.6858544699719
2025-12-11T11:27:03.329+01:00;0;269;858;506;0;430;269;1716;269;1447;0;0;0;269;0;648.9039339587302;414.79004735886076
2025-12-11T11:27:03.337+01:00;0;197;858;506;0;430;197;1716;197;1519;0;0;0;197;0;648.9069044476191;414.7910368699719
2025-12-11T11:27:03.338+01:00;0;197;858;506;0;456;197;1716;197;1519;0;0;0;197;0;648.9072757587303;414.7911605588608
2025-12-11T11:27:03.343+01:00;0;197;858;661;0;456;197;1716;197;1519;0;0;0;197;0;648.9091323142859;414.7919684477497
2025-12-11T11:32:29.277+01:00;0;197;605;661;0;456;197;1210;197;1013;0;0;0;197;0;729.6176336920637;467.4556598699719
2025-12-11T11:32:29.285+01:00;0;193;605;661;0;456;193;1210;193;1017;0;0;0;193;0;729.6196224920637;467.4569524921941
2025-12-11T11:32:29.286+01:00;0;193;605;661;0;510;193;1210;193;1017;0;0;0;193;0;729.6198710920637;467.45711406997185
2025-12-11T11:32:29.291+01:00;0;193;605;412;0;510;193;1210;193;1017;0;0;0;193;0;729.6211140920637;467.4576176255274
2025-12-11T11:37:29.274+01:00;0;193;655;412;0;510;193;1310;193;1117;0;0;0;193;0;811.5298056698415;497.6692388699719
2025-12-11T11:37:29.282+01:00;0;191;655;412;0;510;191;1310;191;1119;0;0;0;191;0;811.5319939365081;497.67004455886075
2025-12-11T11:37:29.283+01:00;0;191;655;412;0;537;191;1310;191;1119;0;0;0;191;0;811.5322674698415;497.67014526997184
2025-12-11T11:37:29.289+01:00;0;191;655;464;0;537;191;1310;191;1119;0;0;0;191;0;811.5339086698415;497.67082580330515
2025-12-11T11:42:55.296+01:00;0;191;627;464;0;537;191;1254;191;1063;0;0;0;191;0;896.2450164698415;534.6472642033051
2025-12-11T11:42:55.304+01:00;0;234;627;464;0;537;234;1254;234;1020;0;0;0;234;0;896.2470111365081;534.6481715810829
2025-12-11T11:42:55.305+01:00;0;234;627;464;0;564;234;1254;234;1020;0;0;0;234;0;896.2472604698415;534.6482850033051
2025-12-11T11:42:55.319+01:00;0;234;627;393;0;564;234;1254;234;1020;0;0;0;234;0;896.2507511365083;534.6496299366385
2025-12-11T11:47:55.276+01:00;0;234;749;393;0;564;234;1498;234;1264;0;0;0;234;0;988.9307984253971;563.4654990699718
2025-12-11T11:47:55.283+01:00;0;196;749;393;0;564;196;1498;196;1302;0;0;0;196;0;988.9330262920638;563.4661715366384
2025-12-11T11:47:55.285+01:00;0;196;749;393;0;591;196;1498;196;1302;0;0;0;196;0;988.9336628253972;563.4663636699718
2025-12-11T11:47:55.290+01:00;0;196;749;553;0;591;196;1498;196;1302;0;0;0;196;0;988.9352541587305;563.4670395588606
2025-12-11T11:52:20.299+01:00;0;196;790;553;0;591;196;1580;196;1384;0;0;0;196;0;1078.5907434031749;599.2903672699717
2025-12-11T11:52:20.307+01:00;0;199;790;553;0;591;199;1580;199;1381;0;0;0;199;0;1078.593444025397;599.291448692194
2025-12-11T11:52:20.308+01:00;0;199;790;553;0;645;199;1580;199;1381;0;0;0;199;0;1078.5937816031749;599.2915838699718
2025-12-11T11:52:20.313+01:00;0;199;790;591;0;645;199;1580;199;1381;0;0;0;199;0;1078.5954694920638;599.2923062033051
2025-12-11T11:57:20.272+01:00;0;199;757;591;0;645;199;1514;199;1315;0;0;0;199;0;1175.0156236031748;642.6263830699718
2025-12-11T11:57:20.280+01:00;0;174;757;591;0;645;174;1514;174;1340;0;0;0;174;0;1175.0182440476192;642.6275388033051
2025-12-11T11:57:20.281+01:00;0;174;757;591;0;672;174;1514;174;1340;0;0;0;174;0;1175.0185716031747;642.6276832699718
2025-12-11T11:57:20.287+01:00;0;174;757;583;0;672;174;1514;174;1340;0;0;0;174;0;1175.020536936508;642.6285383366385
2025-12-11T12:02:45.328+01:00;0;174;753;583;0;672;174;1506;174;1332;0;0;0;174;0;1280.853886536508;688.9504924033051
2025-12-11T12:02:45.336+01:00;0;194;753;583;0;672;194;1506;194;1312;0;0;0;194;0;1280.8564522253969;688.951632492194
2025-12-11T12:02:45.337+01:00;0;194;753;583;0;725;194;1506;194;1312;0;0;0;194;0;1280.856772936508;688.9517750033051
2025-12-11T12:02:45.342+01:00;0;194;753;559;0;725;194;1506;194;1312;0;0;0;194;0;1280.8583764920634;688.9524582255274
2025-12-11T12:07:45.295+01:00;0;194;795;559;0;725;194;1590;194;1396;0;0;0;194;0;1383.2156713365077;729.9393692699718
2025-12-11T12:07:45.298+01:00;0;176;795;559;0;725;176;1590;176;1414;0;0;0;176;0;1383.216708269841;729.9397792033052
2025-12-11T12:07:45.299+01:00;0;176;795;559;0;779;176;1590;176;1414;0;0;0;176;0;1383.2170539142855;729.9399158477496
2025-12-11T12:07:45.304+01:00;0;176;795;619;0;779;176;1590;176;1414;0;0;0;176;0;1383.2187821365078;729.9406724033051
2025-12-11T12:13:10.306+01:00;0;176;661;619;0;779;176;1322;176;1146;0;0;0;176;0;1474.2626757365078;779.1170861366385
2025-12-11T12:13:10.314+01:00;0;178;661;619;0;779;178;1322;178;1144;0;0;0;178;0;1474.2649128920634;779.1182966255274
2025-12-11T12:13:10.315+01:00;0;178;661;619;0;806;178;1322;178;1144;0;0;0;178;0;1474.2651925365078;779.1184479366385
2025-12-11T12:13:10.320+01:00;0;178;661;483;0;806;178;1322;178;1144;0;0;0;178;0;1474.26659075873;779.1190382699718
2025-12-11T12:18:10.276+01:00;0;178;677;483;0;806;178;1354;178;1176;0;0;0;178;0;1560.4939422253967;814.5338433366385
2025-12-11T12:18:10.284+01:00;0;196;677;483;0;806;196;1354;196;1158;0;0;0;196;0;1560.49620675873;814.5347878699719
2025-12-11T12:18:10.285+01:00;0;196;677;483;0;833;196;1354;196;1158;0;0;0;196;0;1560.4964898253968;814.5349059366386
2025-12-11T12:18:10.291+01:00;0;196;677;481;0;833;196;1354;196;1158;0;0;0;196;0;1560.4981882253967;814.5356114033052
2025-12-11T12:22:37.301+01:00;0;196;235;481;0;833;196;470;196;274;0;0;0;196;0;1578.381924669841;845.9300538477496
2025-12-11T12:22:37.309+01:00;0;201;235;481;0;833;201;470;201;269;0;0;0;201;0;1578.3824507142856;845.9309944699718
2025-12-11T12:22:37.315+01:00;0;201;235;34;0;833;201;470;201;269;0;0;0;201;0;1578.382845247619;845.9310443366385
2025-12-11T12:27:37.292+01:00;0;201;368;34;0;833;201;736;201;535;0;0;0;201;0;1617.6131706920632;848.4241865144163
2025-12-11T12:27:37.300+01:00;0;196;368;34;0;833;196;736;196;540;0;0;0;196;0;1617.6142266920633;848.4242530033052
2025-12-11T12:27:37.301+01:00;0;196;368;34;0;860;196;736;196;540;0;0;0;196;0;1617.6143586920632;848.4242613144163
2025-12-11T12:27:37.306+01:00;0;196;368;172;0;860;196;736;196;540;0;0;0;196;0;1617.6150186920631;848.4244715366385
2025-12-11T12:33:03.319+01:00;0;196;816;172;0;860;196;1632;196;1436;0;0;0;196;0;1732.0528264253965;862.1315070033052
2025-12-11T12:33:03.327+01:00;0;196;816;172;0;887;196;1632;196;1436;0;0;0;196;0;1732.0556346031742;862.1318433588607
2025-12-11T12:33:03.333+01:00;0;196;816;620;0;887;196;1632;196;1436;0;0;0;196;0;1732.0577407365076;862.132752692194
2025-12-11T12:38:03.289+01:00;0;196;822;620;0;887;196;1644;196;1448;0;0;0;196;0;1838.2288333587298;907.5927509144162
2025-12-11T12:38:03.296+01:00;0;191;822;620;0;887;191;1644;191;1453;0;0;0;191;0;1838.2313196031744;907.5938118033051
2025-12-11T12:38:03.298+01:00;0;191;822;620;0;940;191;1644;191;1453;0;0;0;191;0;1838.23202995873;907.5941149144162
2025-12-11T12:38:03.303+01:00;0;191;822;631;0;940;191;1644;191;1453;0;0;0;191;0;1838.233805847619;907.5948861366384
2025-12-11T12:42:28.337+01:00;0;191;821;631;0;940;191;1642;191;1451;0;0;0;191;0;1932.2384208253966;948.4749082255272
2025-12-11T12:42:28.339+01:00;0;196;821;631;0;940;196;1642;196;1446;0;0;0;196;0;1932.2391277587299;948.4752167144161
2025-12-11T12:42:28.340+01:00;0;196;821;631;0;967;196;1642;196;1446;0;0;0;196;0;1932.2394812253965;948.4753709588605
2025-12-11T12:42:28.359+01:00;0;196;821;625;0;967;196;1642;196;1446;0;0;0;196;0;1932.246197092063;948.4782737366382
2025-12-11T12:43:28.308+01:00;0;196;815;625;0;967;196;1630;196;1434;0;0;0;196;0;1953.260319892063;957.6371487366382
2025-12-11T12:43:28.316+01:00;0;201;815;625;0;967;201;1630;201;1429;0;0;0;201;0;1953.263114380952;957.6383709588604
2025-12-11T12:43:28.317+01:00;0;201;815;625;0;994;201;1630;201;1429;0;0;0;201;0;1953.2634636920632;957.6385237366381
2025-12-11T12:43:28.329+01:00;0;201;815;614;0;994;201;1630;201;1429;0;0;0;201;0;1953.2676554253965;957.6403248033048
2025-12-11T12:44:28.284+01:00;0;201;466;614;0;994;201;932;201;731;0;0;0;201;0;1963.9809477587298;966.6389041366381
2025-12-11T12:44:28.292+01:00;0;176;466;614;0;994;176;932;176;756;0;0;0;176;0;1963.9824261587298;966.6401048477492
2025-12-11T12:44:28.299+01:00;0;176;466;290;0;994;176;932;176;756;0;0;0;176;0;1963.9837197587299;966.6406010699714
2025-12-11T12:45:28.325+01:00;0;176;776;290;0;994;176;1552;176;1376;0;0;0;176;0;1984.1737983365076;970.8957775144158
2025-12-11T12:45:28.338+01:00;0;176;776;600;0;994;176;1552;176;1376;0;0;0;176;0;1984.1781709587299;970.8976841810825
2025-12-11T12:46:28.297+01:00;0;176;743;600;0;994;176;1486;176;1310;0;0;0;176;0;2003.3783751809522;979.6916708477492
2025-12-11T12:46:28.305+01:00;0;177;743;600;0;994;177;1486;177;1309;0;0;0;177;0;2003.3809350031743;979.6928441810825
2025-12-11T12:46:28.306+01:00;0;177;743;600;0;1021;177;1486;177;1309;0;0;0;177;0;2003.381254980952;979.6929908477491
2025-12-11T12:46:28.314+01:00;0;177;743;566;0;1021;177;1486;177;1309;0;0;0;177;0;2003.3838148031741;979.6940976921935
2025-12-11T12:47:28.280+01:00;0;177;757;566;0;1021;177;1514;177;1337;0;0;0;177;0;2022.9820361809518;987.990726936638
2025-12-11T12:47:28.288+01:00;0;171;757;566;0;1021;171;1514;171;1343;0;0;0;171;0;2022.9846624920629;987.9918337810824
2025-12-11T12:47:28.295+01:00;0;171;757;586;0;1021;171;1514;171;1343;0;0;0;171;0;2022.986960514285;987.9928364921935
2025-12-11T12:48:28.302+01:00;0;171;731;586;0;1021;171;1462;171;1291;0;0;0;171;0;2041.9238362253961;996.5885058699713
2025-12-11T12:48:28.310+01:00;0;176;731;586;0;1021;176;1462;176;1286;0;0;0;176;0;2041.9263510698406;996.5896518255269
2025-12-11T12:48:28.316+01:00;0;176;731;555;0;1021;176;1462;176;1286;0;0;0;176;0;2041.928237203174;996.5904658255268
2025-12-11T12:52:54.322+01:00;0;176;247;555;0;1021;176;494;176;318;0;0;0;176;0;2062.6057702698404;1032.6786131588601
2025-12-11T12:52:54.324+01:00;0;175;247;555;0;1021;175;494;175;319;0;0;0;175;0;2062.6059262253957;1032.6788844921934
2025-12-11T12:52:54.353+01:00;0;175;247;555;0;1048;175;494;175;319;0;0;0;175;0;2062.6081875809514;1032.6828188255267
2025-12-11T12:52:54.368+01:00;0;175;247;72;0;1048;175;494;175;319;0;0;0;175;0;2062.609357247618;1032.6830828255268
2025-12-11T12:55:54.295+01:00;0;175;246;72;0;1048;175;492;175;317;0;0;0;175;0;2076.551700558729;1035.8497980255268
2025-12-11T12:55:54.297+01:00;0;170;246;72;0;1048;170;492;170;322;0;0;0;170;0;2076.5518579809514;1035.8498332255267
2025-12-11T12:55:54.308+01:00;0;170;246;76;0;1048;170;492;170;322;0;0;0;170;0;2076.5527238031736;1035.8500375810822
2025-12-11T12:56:54.278+01:00;0;170;247;76;0;1048;170;494;170;324;0;0;0;170;0;2081.3023478031737;1036.9641469144156
2025-12-11T12:56:54.279+01:00;0;176;247;76;0;1048;176;494;176;318;0;0;0;176;0;2081.302425536507;1036.9641654921934
2025-12-11T12:56:54.290+01:00;0;176;247;71;0;1048;176;494;176;318;0;0;0;176;0;2081.303280603174;1036.9643564033045
2025-12-11T12:57:54.274+01:00;0;176;241;71;0;1048;176;482;176;306;0;0;0;176;0;2085.7900838031737;1038.005412047749
2025-12-11T12:57:54.282+01:00;0;195;241;71;0;1048;195;482;195;287;0;0;0;195;0;2085.790645047618;1038.0055508921932
2025-12-11T12:57:54.288+01:00;0;195;241;46;0;1048;195;482;195;287;0;0;0;195;0;2085.7910659809513;1038.00561835886
2025-12-11T12:58:54.291+01:00;0;195;236;46;0;1048;195;472;195;277;0;0;0;195;0;2089.8539357809514;1038.6803187588598
2025-12-11T12:58:54.299+01:00;0;197;236;46;0;1048;197;472;197;275;0;0;0;197;0;2089.8544735587293;1038.6804087144153
2025-12-11T12:58:54.315+01:00;0;197;236;39;0;1048;197;472;197;275;0;0;0;197;0;2089.8555491142847;1038.6805612477485
2025-12-11T12:59:54.333+01:00;0;197;268;39;0;1048;197;536;197;339;0;0;0;197;0;2094.829040714285;1039.2527328477486
2025-12-11T12:59:54.340+01:00;0;194;268;39;0;1048;194;536;194;342;0;0;0;194;0;2094.829625914285;1039.252799581082
2025-12-11T12:59:54.347+01:00;0;194;268;74;0;1048;194;536;194;342;0;0;0;194;0;2094.830211114285;1039.2529262033042
2025-12-11T13:00:54.309+01:00;0;194;257;74;0;1048;194;514;194;320;0;0;0;194;0;2099.5205720031736;1040.3375721588598
2025-12-11T13:00:54.315+01:00;0;204;257;74;0;1048;204;514;204;310;0;0;0;204;0;2099.5210266698405;1040.337680692193
2025-12-11T13:00:54.321+01:00;0;204;257;53;0;1048;204;514;204;310;0;0;0;204;0;2099.5214813365073;1040.3377584255263
2025-12-11T13:03:19.288+01:00;0;204;203;53;0;1048;204;406;204;202;0;0;0;204;0;2106.6796296476186;1042.2158864477485
2025-12-11T13:03:19.290+01:00;0;193;203;53;0;1048;193;406;193;213;0;0;0;193;0;2106.679733780952;1042.2159123588597
2025-12-11T13:03:19.307+01:00;0;193;203;10;0;1048;193;406;193;213;0;0;0;193;0;2106.6806189142853;1042.2159539144152
2025-12-11T13:08:19.386+01:00;0;193;205;10;0;1048;193;410;193;217;0;0;0;193;0;2122.59814275873;1042.9494803588595
2025-12-11T13:08:19.394+01:00;0;209;205;10;0;1048;209;410;209;201;0;0;0;209;0;2122.5985358253965;1042.9494999144151
2025-12-11T13:08:19.396+01:00;10;209;205;10;0;1048;219;410;219;191;0;0;0;219;0;2122.5986292031744;1042.949504803304
2025-12-11T13:08:19.412+01:00;10;209;205;0;0;1048;219;410;219;191;0;0;0;219;0;2122.5993762253966;1042.949504803304
2025-12-11T13:08:19.413+01:00;10;209;205;0;4;1048;219;410;219;191;0;0;0;219;0;2122.5994229142852;1042.9495032160025
2025-12-11T13:13:45.298+01:00;10;209;188;0;4;1048;219;376;219;157;0;0;0;219;0;2135.1061650253964;1042.4322254382248
2025-12-11T13:13:45.300+01:00;10;212;188;0;4;1048;222;376;222;154;0;0;0;222;0;2135.1062403142855;1042.4322222636217
2025-12-11T13:13:45.307+01:00;0;212;188;0;4;1048;212;376;212;164;0;0;0;212;0;2135.106520936508;1042.4322111525107
2025-12-11T13:13:45.318+01:00;0;212;188;0;24;1048;212;376;212;164;0;0;0;212;0;2135.106961914286;1042.432106390606
2025-12-11T13:17:45.296+01:00;0;212;217;0;24;1048;212;434;212;222;0;0;0;212;0;2148.129768047619;1040.146601628701
2025-12-11T13:17:45.304+01:00;0;218;217;0;24;1048;218;434;218;216;0;0;0;218;0;2148.130190447619;1040.146525438225
2025-12-11T13:17:45.310+01:00;0;218;217;0;1;1048;218;434;218;216;0;0;0;218;0;2148.130507247619;1040.1465230572726
2025-12-11T13:23:10.440+01:00;0;218;330;0;1;1048;218;660;218;442;0;0;0;218;0;2183.2589974698412;1040.0175032160028
2025-12-11T13:23:10.448+01:00;0;213;330;0;1;1048;213;660;213;447;0;0;0;213;0;2183.2598716031744;1040.0175000413997
2025-12-11T13:23:10.461+01:00;0;213;330;117;1;1048;213;660;213;447;0;0;0;213;0;2183.261292069841;1040.0178666826696
2025-12-11T13:23:10.462+01:00;0;213;330;117;0;1048;213;660;213;447;0;0;0;213;0;2183.261401336508;1040.0178952826695
2025-12-11T13:28:10.296+01:00;0;213;588;117;0;1048;213;1176;213;963;0;0;0;213;0;2253.842324936508;1048.5931476826695
2025-12-11T13:28:10.303+01:00;0;216;588;117;0;1048;216;1176;216;960;0;0;0;216;0;2253.8439676031744;1048.5933478826696
2025-12-11T13:28:10.313+01:00;0;216;588;372;0;1048;216;1176;216;960;0;0;0;216;0;2253.846314269841;1048.594257216003
2025-12-11T13:33:36.434+01:00;0;216;565;372;0;1048;216;1130;216;914;0;0;0;216;0;2326.708992803174;1078.249526816003
2025-12-11T13:33:36.436+01:00;0;214;565;372;0;1048;214;1130;214;916;0;0;0;214;0;2326.7094406253964;1078.2497086826697
2025-12-11T13:33:36.443+01:00;0;214;565;372;0;1075;214;1130;214;916;0;0;0;214;0;2326.7110080031744;1078.250345216003
2025-12-11T13:33:36.454+01:00;0;214;565;351;0;1075;214;1130;214;916;0;0;0;214;0;2326.7134710253968;1078.251289016003
2025-12-11T13:38:36.303+01:00;0;214;447;351;0;1075;214;894;214;680;0;0;0;214;0;2376.555038136508;1103.978333216003
2025-12-11T13:38:36.319+01:00;0;224;447;351;0;1075;224;894;224;670;0;0;0;224;0;2376.557658580952;1103.9797060160029
2025-12-11T13:38:36.325+01:00;0;224;447;351;0;1102;224;894;224;670;0;0;0;224;0;2376.5586412476187;1103.9802208160029
2025-12-11T13:38:36.338+01:00;0;224;447;223;0;1102;224;894;224;670;0;0;0;224;0;2376.5607703587298;1103.9809294604474
2025-12-11T13:44:01.422+01:00;0;224;431;223;0;1102;224;862;224;638;0;0;0;224;0;2427.259426180952;1121.7016195048918
2025-12-11T13:44:01.430+01:00;0;277;431;223;0;1102;277;862;277;585;0;0;0;277;0;2427.2605701809516;1121.7020555937806
2025-12-11T13:44:01.431+01:00;0;277;431;223;0;1128;277;862;277;585;0;0;0;277;0;2427.260713180952;1121.7021101048917
2025-12-11T13:44:01.445+01:00;0;277;431;154;0;1128;277;862;277;585;0;0;0;277;0;2427.262715180952;1121.702637127114
2025-12-11T13:48:01.409+01:00;0;277;163;154;0;1128;277;326;277;49;0;0;0;277;0;2430.1369506476185;1130.7359485937807
2025-12-11T13:48:01.416+01:00;0;199;163;154;0;1128;199;326;199;127;0;0;0;199;0;2430.1371679587296;1130.7362121048918
2025-12-11T13:48:01.422+01:00;0;199;163;0;0;1128;199;326;199;127;0;0;0;199;0;2430.1373542253964;1130.7362121048918
2025-12-11T13:48:01.423+01:00;0;199;163;0;36;1128;199;326;199;127;0;0;0;199;0;2430.1373852698407;1130.7361978191775
2025-12-11T13:53:01.297+01:00;0;199;180;0;36;1128;199;360;199;161;0;0;0;199;0;2441.9390931365074;1126.4522835334633
2025-12-11T13:53:01.305+01:00;0;196;180;0;36;1128;196;360;196;164;0;0;0;196;0;2441.9394138476187;1126.452169247749
2025-12-11T13:53:01.311+01:00;0;196;180;0;16;1128;196;360;196;164;0;0;0;196;0;2441.939654380952;1126.452131152511
2025-12-11T13:58:27.276+01:00;0;196;199;0;16;1128;196;398;196;202;0;0;0;196;0;2458.0350817142853;1124.382512104892
2025-12-11T13:58:27.284+01:00;0;221;199;0;16;1128;221;398;221;177;0;0;0;221;0;2458.035427847619;1124.382461311241
2025-12-11T13:58:27.285+01:00;0;221;199;0;16;1102;221;398;221;177;0;0;0;221;0;2458.0354711142854;1124.3824549620347
2025-12-11T13:58:27.291+01:00;0;221;199;0;22;1102;221;398;221;177;0;0;0;221;0;2458.0357307142854;1124.3824025810823
2025-12-11T14:03:27.402+01:00;0;221;198;0;22;1102;221;396;221;175;0;0;0;221;0;2470.873812380952;1121.7623859144155
2025-12-11T14:03:27.409+01:00;0;250;198;0;22;1102;250;396;250;146;0;0;0;250;0;2470.874062203174;1121.7623248033044
2025-12-11T14:03:27.415+01:00;0;250;198;0;52;1102;250;396;250;146;0;0;0;250;0;2470.8742763365076;1121.7622009937807
2025-12-11T14:08:52.278+01:00;0;250;233;0;52;1102;250;466;250;216;0;0;0;250;0;2488.0270427365076;1115.0586787715583
2025-12-11T14:08:52.286+01:00;0;219;233;0;52;1102;219;466;219;247;0;0;0;219;0;2488.02752575873;1115.0585136921932
2025-12-11T14:08:52.292+01:00;0;219;233;14;52;1102;219;466;219;247;0;0;0;219;0;2488.027888025397;1115.0584104160027
2025-12-11T14:08:52.293+01:00;0;219;233;14;0;1102;219;466;219;247;0;0;0;219;0;2488.0279484031744;1115.058413838225
2025-12-11T14:13:52.289+01:00;0;219;420;14;0;1102;219;840;219;621;0;0;0;219;0;2533.5673412031742;1116.0850668160028
2025-12-11T14:13:52.291+01:00;0;217;420;14;0;1102;217;840;217;623;0;0;0;217;0;2533.567645780952;1116.0850736604473
2025-12-11T14:13:52.302+01:00;0;217;420;203;0;1102;217;840;217;623;0;0;0;217;0;2533.56932095873;1116.0856195048916
2025-12-11T14:18:18.294+01:00;0;217;435;203;0;1102;217;870;217;653;0;0;0;217;0;2576.0275550920633;1129.284733638225
2025-12-11T14:18:18.301+01:00;0;209;435;203;0;1102;209;870;209;661;0;0;0;209;0;2576.0286861365075;1129.2850809937804
2025-12-11T14:18:18.312+01:00;0;209;435;226;0;1102;209;870;209;661;0;0;0;209;0;2576.030463492063;1129.2856886826694
2025-12-11T14:23:18.301+01:00;0;209;394;226;0;1102;209;788;209;579;0;0;0;209;0;2618.4889066253963;1145.858414327114
2025-12-11T14:23:18.310+01:00;0;209;394;226;0;1128;209;788;209;579;0;0;0;209;0;2618.4901804253964;1145.8589115271138
2025-12-11T14:23:18.342+01:00;0;209;394;185;0;1128;209;788;209;579;0;0;0;209;0;2618.494709492063;1145.8603586382249
2025-12-11T14:28:44.305+01:00;0;209;369;185;0;1128;209;738;209;529;0;0;0;209;0;2660.645347203174;1160.6011298604471
2025-12-11T14:28:44.312+01:00;0;206;369;185;0;1128;206;738;206;532;0;0;0;206;0;2660.646257514285;1160.6014464160028
2025-12-11T14:28:44.319+01:00;0;206;369;163;0;1128;206;738;206;532;0;0;0;206;0;2660.647167825396;1160.6017253271139
2025-12-11T14:33:44.307+01:00;0;206;325;163;0;1128;206;650;206;444;0;0;0;206;0;2693.205865425396;1172.5545805271138
2025-12-11T14:33:44.315+01:00;0;186;325;163;0;1128;186;650;186;464;0;0;0;186;0;2693.206772803174;1172.5548992826693
2025-12-11T14:33:44.316+01:00;0;186;325;163;0;1155;186;650;186;464;0;0;0;186;0;2693.206886225396;1172.5549391271138
2025-12-11T14:33:44.322+01:00;0;186;325;139;0;1155;186;650;186;464;0;0;0;186;0;2693.207566758729;1172.5551429937805
2025-12-11T14:39:09.325+01:00;0;186;278;139;0;1155;186;556;186;370;0;0;0;186;0;2722.602282536507;1183.5980227048915
2025-12-11T14:39:09.333+01:00;0;177;278;139;0;1155;177;556;177;379;0;0;0;177;0;2722.603023692063;1183.5982945271137
2025-12-11T14:39:09.339+01:00;0;177;278;101;0;1155;177;556;177;379;0;0;0;177;0;2722.6035795587295;1183.598442660447
2025-12-11T14:44:09.284+01:00;0;177;296;101;0;1155;177;592;177;415;0;0;0;177;0;2753.031333447618;1191.0037514382248
2025-12-11T14:44:09.291+01:00;0;803;296;101;0;1155;803;592;592;0;0;208;211;800;3;2753.030840222686;1191.0039242604469
2025-12-11T14:44:09.293+01:00;1931;803;296;101;0;1155;2734;592;592;0;0;208;2142;800;1934;2753.030699301277;1191.0039736382246
2025-12-11T14:44:09.299+01:00;1931;803;296;0;0;1155;2734;592;592;0;0;208;2142;800;1934;2753.0302765370493;1191.0039736382246
2025-12-11T14:44:09.300+01:00;1931;803;296;0;507;1155;2734;592;592;0;0;208;2142;800;1934;2753.0302060763447;1191.0038205585145
2025-12-11T14:48:34.310+01:00;1931;803;282;0;507;1155;2734;564;564;0;0;236;2170;800;1934;2731.8437697619815;1150.4361665730073
2025-12-11T14:48:34.317+01:00;1931;800;282;0;507;1155;2731;564;564;0;0;236;2167;800;1931;2731.8432101413855;1150.4350950150363
2025-12-11T14:48:34.319+01:00;2022;800;282;0;507;1128;2822;564;564;0;0;236;2258;800;2022;2731.8430502497868;1150.434788855616
2025-12-11T14:48:34.324+01:00;2022;800;282;0;518;1128;2822;564;564;0;0;236;2258;800;2022;2731.8426505207894;1150.4340068507852
2025-12-11T14:53:34.304+01:00;2022;800;255;0;518;1128;2822;510;510;0;0;290;2312;800;2022;2702.37307057499;1103.5168450150363
2025-12-11T14:53:34.313+01:00;1939;800;255;0;518;1075;2739;510;510;0;0;290;2229;800;1939;2702.3721864286485;1103.5154374063407
2025-12-11T14:53:34.318+01:00;1939;800;255;0;545;1075;2739;510;510;0;0;290;2229;800;1939;2702.3716952362365;1103.5146146406403
2025-12-11T14:58:59.319+01:00;1939;800;214;0;545;1075;2739;428;428;0;0;372;2311;800;1939;2661.4162846671306;1050.0346795560993
2025-12-11T14:58:59.327+01:00;1939;205;214;0;545;1075;2144;428;428;0;0;372;1716;800;1344;2661.4152765370495;1050.0333631309784
2025-12-11T14:58:59.328+01:00;1939;205;214;0;545;1048;2144;428;428;0;0;372;1716;800;1344;2661.415150520789;1050.0331985778382
2025-12-11T14:58:59.329+01:00;60;205;214;0;545;1048;265;428;265;163;0;0;0;265;0;2661.4151903652337;1050.033034024698
2025-12-11T14:58:59.333+01:00;60;205;214;9;545;1048;265;428;265;163;0;0;0;265;0;2661.4153497430116;1050.0323846121375
2025-12-11T14:58:59.334+01:00;60;205;214;9;0;1048;265;428;265;163;0;0;0;265;0;2661.415389587456;1050.0323868121375
2025-12-11T15:03:59.284+01:00;60;205;218;9;0;1048;265;436;265;171;0;0;0;265;0;2673.953299587456;1050.6922768121374
2025-12-11T15:03:59.292+01:00;60;263;218;9;0;1048;323;436;323;113;0;0;0;323;0;2673.9535205652337;1050.6922944121375
2025-12-11T15:03:59.293+01:00;0;263;218;9;0;1048;263;436;263;173;0;0;0;263;0;2673.9535628541225;1050.6922966121374
2025-12-11T15:03:59.298+01:00;0;263;218;0;0;1048;263;436;263;173;0;0;0;263;0;2673.953774298567;1050.6922966121374
2025-12-11T15:03:59.299+01:00;0;263;218;0;45;1048;263;436;263;173;0;0;0;263;0;2673.953816587456;1050.6922787549945
2025-12-11T15:09:24.311+01:00;0;263;213;0;45;1048;263;426;263;163;0;0;0;263;0;2686.9037391652337;1044.8884930407087
2025-12-11T15:09:24.325+01:00;0;263;213;0;50;1048;263;426;263;163;0;0;0;263;0;2686.904296987456;1044.888215262931
2025-12-11T15:14:24.299+01:00;0;263;190;0;50;1048;263;380;263;117;0;0;0;263;0;2695.4835533874557;1038.936350183566
2025-12-11T15:14:24.330+01:00;0;281;190;0;50;1048;281;380;281;99;0;0;0;281;0;2695.4843035874555;1038.9357351042008
2025-12-11T15:14:24.331+01:00;0;281;190;0;50;1021;281;380;281;99;0;0;0;281;0;2695.4843277874556;1038.935715262931
2025-12-11T15:14:24.332+01:00;8;281;190;0;50;1021;289;380;289;91;0;0;0;289;0;2695.4843500319002;1038.935695421661
2025-12-11T15:14:24.337+01:00;8;281;190;0;91;1021;289;380;289;91;0;0;0;289;0;2695.4844612541224;1038.9355148661054
2025-12-11T15:18:50.283+01:00;8;281;187;0;91;1021;289;374;289;85;0;0;0;289;0;2701.0102281430113;1029.33190931055
2025-12-11T15:18:50.285+01:00;8;259;187;0;91;1021;267;374;267;107;0;0;0;267;0;2701.0102804541225;1029.3318370883278
2025-12-11T15:18:50.291+01:00;7;259;187;0;91;1021;266;374;266;108;0;0;0;266;0;2701.0104388541226;1029.3316204216612
2025-12-11T15:18:50.304+01:00;7;259;187;0;72;1021;266;374;266;108;0;0;0;266;0;2701.0107820541225;1029.3312489930897
2025-12-11T15:23:50.296+01:00;7;259;146;0;72;1021;266;292;266;26;0;0;0;266;0;2702.9173978763447;1020.7600489930898
2025-12-11T15:23:50.304+01:00;7;220;146;0;72;1021;227;292;227;65;0;0;0;227;0;2702.9175249874556;1020.7598204216612
2025-12-11T15:23:50.306+01:00;124;220;146;0;72;1021;344;292;292;0;0;52;52;344;0;2702.9174837176142;1020.759763278804
2025-12-11T15:23:50.313+01:00;124;220;146;0;74;1021;344;292;292;0;0;52;52;344;0;2702.91733927317;1020.7595577232485
2025-12-11T15:29:16.284+01:00;124;220;161;0;74;1021;344;322;322;0;0;22;22;344;0;2700.0715607017414;1011.1873934375342
2025-12-11T15:29:16.286+01:00;124;285;161;0;74;1021;409;322;322;0;0;87;87;409;0;2700.0714916541224;1011.1873347073755
2025-12-11T15:29:16.293+01:00;9;285;161;0;74;994;294;322;294;28;0;0;0;294;0;2700.0715395652337;1011.1871291518199
2025-12-11T15:29:16.305+01:00;9;285;161;0;124;994;294;322;294;28;0;0;0;294;0;2700.071621698567;1011.1865852921708
2025-12-11T15:34:16.322+01:00;9;285;113;0;124;994;294;226;226;0;0;68;68;294;0;2691.9759248731702;997.5893235962643
2025-12-11T15:34:16.330+01:00;9;274;113;0;124;994;283;226;226;0;0;57;57;283;0;2691.9757439207892;997.5889610231649
2025-12-11T15:34:16.333+01:00;0;274;113;0;124;994;274;226;226;0;0;48;48;274;0;2691.975686777932;997.5888250582526
2025-12-11T15:34:16.338+01:00;0;274;113;0;161;994;274;226;226;0;0;48;48;274;0;2691.975591539837;997.5885308331065
2025-12-11T15:35:16.295+01:00;0;274;102;0;161;994;274;204;204;0;0;70;70;274;0;2690.3101193176144;994.0603594149778
2025-12-11T15:35:16.302+01:00;0;243;102;0;161;994;243;204;204;0;0;39;39;243;0;2690.3100109842812;994.0599474997731
2025-12-11T15:35:16.309+01:00;0;243;102;0;141;994;243;204;204;0;0;39;39;243;0;2690.309902650948;994.0595867541591
2025-12-11T15:36:16.281+01:00;0;243;99;0;141;994;243;198;198;0;0;45;45;243;0;2689.2389740795193;990.9689244734574
2025-12-11T15:36:16.283+01:00;0;271;99;0;141;994;271;198;198;0;0;73;73;271;0;2689.2389161430115;990.9688214032819
2025-12-11T15:36:16.295+01:00;0;271;99;0;172;994;271;198;198;0;0;73;73;271;0;2689.2385685239637;990.968067017317
2025-12-11T15:37:16.274+01:00;0;271;95;0;172;994;271;190;190;0;0;81;81;271;0;2687.3106720953924;987.1974573681943
2025-12-11T15:37:16.276+01:00;0;225;95;0;172;994;225;190;190;0;0;35;35;225;0;2687.310644317615;987.1973316372001
2025-12-11T15:37:16.283+01:00;178;225;95;0;172;994;403;190;190;0;0;213;213;403;0;2687.310139236314;987.1968915787206
2025-12-11T15:37:16.287+01:00;178;225;95;0;130;994;403;190;190;0;0;213;213;403;0;2687.309850618428;987.196701520241
2025-12-11T15:38:41.424+01:00;178;225;91;0;130;994;403;182;182;0;0;221;221;403;0;2680.9361117972894;983.1514493272585
2025-12-11T15:38:41.426+01:00;178;253;91;0;130;994;431;182;182;0;0;249;249;431;0;2680.9359430981026;983.1513542980188
2025-12-11T15:38:41.432+01:00;178;253;91;0;130;967;431;182;182;0;0;249;249;431;0;2680.9354370005417;983.1510692102995
2025-12-11T15:38:41.433+01:00;0;253;91;0;130;967;253;182;182;0;0;71;71;253;0;2680.9354088259383;983.1510216956797
2025-12-11T15:38:41.445+01:00;0;253;91;0;162;967;253;182;182;0;0;71;71;253;0;2680.9350707307003;983.1503111693639
2025-12-11T15:39:41.367+01:00;0;253;85;0;162;967;253;170;170;0;0;83;83;253;0;2678.961449302129;979.6022980114692
2025-12-11T15:39:41.369+01:00;0;250;85;0;162;967;250;170;170;0;0;80;80;250;0;2678.9613858100656;979.6021795904165
2025-12-11T15:39:41.375+01:00;9;250;85;0;162;967;259;170;170;0;0;89;89;259;0;2678.961173905304;979.6018243272587
2025-12-11T15:39:41.386+01:00;9;250;85;0;165;967;259;170;170;0;0;89;89;259;0;2678.9607854132405;979.6011609500657
2025-12-11T15:40:41.299+01:00;9;264;85;0;165;967;273;170;170;0;0;103;103;273;0;2676.7052887027144;975.9879866079605
2025-12-11T15:40:41.305+01:00;0;264;85;0;165;967;264;170;170;0;0;94;94;264;0;2676.7050648931904;975.9876247658552
2025-12-11T15:40:41.336+01:00;0;264;85;0;179;967;264;170;170;0;0;94;94;264;0;2676.703908543984;975.9855966225804
2025-12-11T15:43:41.286+01:00;0;264;71;0;179;967;264;142;142;0;0;122;122;264;0;2668.679822286674;964.2125520319371
2025-12-11T15:43:41.288+01:00;0;243;71;0;179;967;243;142;142;0;0;101;101;243;0;2668.679748456265;964.2124211839839
2025-12-11T15:43:41.296+01:00;2;243;71;0;179;967;245;142;142;0;0;103;103;245;0;2668.679447286674;964.211897792171
2025-12-11T15:43:41.300+01:00;2;243;71;0;172;967;245;142;142;0;0;103;103;245;0;2668.6792967018787;964.2116463301827
2025-12-11T15:50:07.291+01:00;2;243;63;0;172;967;245;126;126;0;0;119;119;245;0;2651.8909454591885;939.9461302483113
2025-12-11T15:50:07.293+01:00;2;179;63;0;172;967;181;126;126;0;0;55;55;181;0;2651.890901808395;939.9460045173172
2025-12-11T15:50:07.300+01:00;2;179;63;0;172;940;181;126;126;0;0;55;55;181;0;2651.8907490306174;939.9455644588377
2025-12-11T15:50:07.301+01:00;0;179;63;0;172;940;179;126;126;0;0;53;53;179;0;2651.890727998871;939.9455015933406
2025-12-11T15:50:07.313+01:00;0;179;63;0;116;940;179;126;126;0;0;53;53;179;0;2651.8904756179186;939.9449928214108
2025-12-11T15:54:07.277+01:00;0;179;62;0;116;940;179;124;124;0;0;55;55;179;0;2646.653166094109;929.771080540709
2025-12-11T15:54:07.284+01:00;0;258;62;0;116;940;258;124;124;0;0;134;134;258;0;2646.6528232578517;929.7707837570833
2025-12-11T15:54:07.291+01:00;0;258;62;0;196;940;258;124;124;0;0;134;134;258;0;2646.652480421594;929.7702822950951
2025-12-11T15:59:32.421+01:00;0;258;78;0;196;940;258;156;156;0;0;102;102;258;0;2634.5314058601907;906.4788056869079
2025-12-11T15:59:32.424+01:00;0;221;78;0;196;940;221;156;156;0;0;65;65;221;0;2634.5313284792383;906.4785907746272
2025-12-11T15:59:32.430+01:00;0;221;78;0;196;887;221;156;156;0;0;65;65;221;0;2634.5311737173333;906.4781609500658
2025-12-11T15:59:32.431+01:00;2;221;78;0;196;887;223;156;156;0;0;67;67;223;0;2634.531147130032;906.4780893126389
2025-12-11T15:59:32.442+01:00;2;221;78;0;143;887;223;156;156;0;0;67;67;223;0;2634.5308546697147;906.4775143857382
2025-12-11T16:04:32.282+01:00;2;221;69;0;143;887;223;138;138;0;0;85;85;223;0;2624.417203876064;890.8060523974341
2025-12-11T16:04:32.289+01:00;2;160;69;0;143;887;162;138;138;0;0;24;24;162;0;2624.4171372093974;890.805686534861
2025-12-11T16:04:32.291+01:00;90;160;69;0;143;887;250;138;138;0;0;112;112;250;0;2624.4170553380523;890.8055820026973
2025-12-11T16:04:32.295+01:00;90;160;69;0;91;887;250;138;138;0;0;112;112;250;0;2624.4168915953624;890.8054375582528
2025-12-11T16:09:57.420+01:00;90;160;52;0;91;887;250;104;104;0;0;146;146;250;0;2607.067385016415;879.0648125582528
2025-12-11T16:09:57.422+01:00;90;189;52;0;91;887;279;104;104;0;0;175;175;279;0;2607.067257092438;879.0647403360306
2025-12-11T16:09:57.423+01:00;90;189;52;0;91;860;279;104;104;0;0;175;175;279;0;2607.0671931304496;879.0647042249195
2025-12-11T16:09:57.424+01:00;2;189;52;0;91;860;191;104;104;0;0;87;87;191;0;2607.06715860664;879.0646681138085
2025-12-11T16:09:57.438+01:00;2;189;52;0;137;860;191;104;104;0;0;87;87;191;0;2607.066675273307;879.0639670904167
2025-12-11T16:13:57.278+01:00;2;189;32;0;137;860;191;64;64;0;0;127;127;191;0;2595.9337512966986;867.0544349266739
2025-12-11T16:13:57.286+01:00;2;383;32;0;137;860;385;64;64;0;0;321;321;385;0;2595.9328813779994;867.0540343418786
2025-12-11T16:13:57.287+01:00;2;383;32;0;137;833;385;64;64;0;0;321;321;385;0;2595.932772638162;867.0539842687792
2025-12-11T16:13:57.288+01:00;584;383;32;0;137;833;967;64;64;0;0;736;903;800;167;2595.9325504159397;867.0539341956799
2025-12-11T16:13:57.292+01:00;584;383;32;0;351;833;967;64;64;0;0;736;903;800;167;2595.931661527051;867.0534585859237
2025-12-11T16:18:57.303+01:00;584;383;0;0;351;833;967;0;0;0;0;800;967;800;167;2523.465236406278;831.3814189517774
2025-12-11T16:18:57.323+01:00;584;271;0;0;351;833;855;0;0;0;0;800;855;800;55;2523.460405488404;831.3790409029968
2025-12-11T16:18:57.330+01:00;584;271;0;0;351;806;855;0;0;0;0;800;855;800;55;2523.458714667148;831.3782085859236
2025-12-11T16:18:57.336+01:00;0;271;0;0;351;806;271;0;0;0;0;271;271;271;0;2523.45816385414;831.3774951712895
2025-12-11T16:18:57.348+01:00;0;271;0;0;271;806;271;0;0;0;0;271;271;271;0;2523.4570622281235;831.3763935452732
2025-12-11T16:24:23.336+01:00;0;447;0;0;271;806;447;0;0;0;0;447;447;447;0;2474.0950581630827;801.4499883962218
2025-12-11T16:24:23.345+01:00;0;447;0;0;271;779;447;0;0;0;0;447;447;447;0;2474.0936953582045;801.4491621767096
2025-12-11T16:24:23.365+01:00;0;447;0;0;447;779;447;0;0;0;0;447;447;447;0;2474.09066690292;801.446133721425
2025-12-11T16:29:23.328+01:00;0;447;5;0;447;779;447;10;10;0;0;437;437;447;0;2429.685575100752;756.0249070954087
2025-12-11T16:29:23.352+01:00;0;344;5;0;447;779;344;10;10;0;0;334;334;344;0;2429.6828596535975;756.0212729490672
2025-12-11T16:29:23.366+01:00;0;344;5;0;447;725;344;10;10;0;0;334;334;344;0;2429.6812756427576;756.019153030368
2025-12-11T16:29:23.395+01:00;0;344;5;0;339;725;344;10;10;0;0;334;334;344;0;2429.6779944774457;756.0158227458152
2025-12-11T16:34:50.277+01:00;0;344;0;0;339;725;344;0;0;0;0;344;344;344;0;2391.586054098042;718.4775442905307
2025-12-11T16:34:50.279+01:00;0;753;0;0;339;725;753;0;0;0;0;753;753;753;0;2391.585599387897;718.4773146157339
2025-12-11T16:34:50.285+01:00;0;753;0;0;339;672;753;0;0;0;0;753;753;753;0;2391.5842352574623;718.4766255913437
2025-12-11T16:34:50.291+01:00;0;753;0;0;753;672;753;0;0;0;0;753;753;753;0;2391.5828711270274;718.4752614609089
2025-12-11T16:39:50.367+01:00;0;332;0;0;753;672;332;0;0;0;0;332;332;332;0;2357.8344863031793;650.2514607362712
2025-12-11T16:39:50.382+01:00;0;332;0;0;753;618;332;0;0;0;0;332;332;332;0;2357.8327993113094;650.2480504101842
2025-12-11T16:39:50.417+01:00;0;332;0;0;332;618;332;0;0;0;0;332;332;332;0;2357.828862996946;650.244114095821
2025-12-11T16:44:15.296+01:00;0;312;0;0;332;618;312;0;0;0;0;312;312;312;0;2329.8335215335314;620.4541994616746
2025-12-11T16:44:15.301+01:00;0;312;0;0;332;591;312;0;0;0;0;312;312;312;0;2329.832993078247;620.4536371310513
2025-12-11T16:44:15.307+01:00;0;312;0;0;312;591;312;0;0;0;0;312;312;312;0;2329.8323589319057;620.4530029847099
2025-12-11T16:49:15.277+01:00;0;560;0;0;312;591;560;0;0;0;0;560;560;560;0;2279.1127937145143;588.7488566432464
2025-12-11T16:49:15.282+01:00;0;560;0;0;312;564;560;0;0;0;0;560;560;560;0;2279.111948303886;588.7483281879619
2025-12-11T16:49:15.283+01:00;104;560;0;0;312;564;664;0;0;0;0;664;664;664;0;2279.1117478207943;588.748222496905
2025-12-11T16:49:15.287+01:00;104;560;0;0;560;564;664;0;0;0;0;664;664;664;0;2279.110945888427;588.7475461684026
2025-12-11T16:54:40.415+01:00;104;321;0;0;560;564;425;0;0;0;0;425;425;425;0;2232.302206051029;533.7742128350692
2025-12-11T16:54:40.433+01:00;104;321;0;0;560;537;425;0;0;0;0;425;425;425;0;2232.299614587614;533.7711693568083
2025-12-11T16:54:40.451+01:00;0;321;0;0;560;537;321;0;0;0;0;321;321;321;0;2232.297657270541;533.7681258785474
2025-12-11T16:54:40.476+01:00;0;321;0;0;321;537;321;0;0;0;0;321;321;321;0;2232.294938774606;533.7654073826125
2025-12-11T16:59:40.338+01:00;0;307;0;0;321;537;307;0;0;0;0;307;307;307;0;2201.1101034087524;501.1584622606612
2025-12-11T16:59:40.343+01:00;0;307;0;0;321;483;307;0;0;0;0;307;307;307;0;2201.1095834223024;501.1579185614742
2025-12-11T16:59:40.348+01:00;0;307;0;0;307;483;307;0;0;0;0;307;307;307;0;2201.1090634358525;501.15739857502433
2025-12-11T17:05:07.551+01:00;0;353;0;0;307;483;353;0;0;0;0;353;353;353;0;2161.9821464304323;467.1291733040216
2025-12-11T17:05:07.578+01:00;0;353;0;0;307;456;353;0;0;0;0;353;353;353;0;2161.978917771896;467.1263653771923
2025-12-11T17:05:07.752+01:00;0;353;0;0;353;456;353;0;0;0;0;353;353;353;0;2161.9581108613265;467.1055584666232
2025-12-11T17:10:07.281+01:00;0;361;0;0;353;456;361;0;0;0;0;361;361;361;0;2125.3287175686437;431.2878968812574
2025-12-11T17:10:07.282+01:00;0;361;0;0;353;403;361;0;0;0;0;361;361;361;0;2125.328595278671;431.28777730131156
2025-12-11T17:10:07.320+01:00;0;361;0;0;361;403;361;0;0;0;0;361;361;361;0;2125.323948259701;431.28313028234135
2025-12-11T17:14:32.286+01:00;0;299;0;0;361;403;299;0;0;0;0;299;299;299;0;2098.486267365392;398.88044532299176
2025-12-11T17:14:32.292+01:00;0;299;0;0;361;349;299;0;0;0;0;299;299;299;0;2098.485659641815;398.87971158315435
2025-12-11T17:14:32.298+01:00;0;299;0;0;299;349;299;0;0;0;0;299;299;299;0;2098.485051918238;398.8791038595771
2025-12-11T17:19:32.431+01:00;0;0;0;0;299;349;0;0;0;0;0;0;0;0;0;2098.485051918238;368.4794537918265
2025-12-11T17:19:32.438+01:00;2711;0;0;0;299;268;2711;0;0;0;0;800;2711;800;1911;2098.4833610969818;368.47874478098635
2025-12-11T17:19:32.443+01:00;2711;0;0;0;0;268;2711;0;0;0;0;800;2711;800;1911;2098.482153367513;368.47874478098635
2025-12-11T17:24:57.277+01:00;710;0;0;0;0;268;710;0;0;0;0;710;710;710;0;2028.8468453964986;368.47874478098635
2025-12-11T17:29:57.277+01:00;1476;0;0;0;0;268;1476;0;0;0;0;800;1476;800;676;1956.3830772805566;368.47874478098635
2025-12-11T17:35:22.308+01:00;1770;0;0;0;0;268;1770;0;0;0;0;800;1770;800;970;1877.873173898914;368.47874478098635
2025-12-11T17:40:22.287+01:00;4106;0;0;0;0;268;4106;0;0;0;0;800;4106;800;3306;1805.4144782467401;368.47874478098635
2025-12-11T17:44:47.280+01:00;362;0;0;0;0;268;362;0;0;0;0;362;362;362;0;1772.9187241816994;368.47874478098635
2025-12-11T17:49:47.287+01:00;1662;0;0;0;0;268;1662;0;0;0;0;800;1662;800;862;1700.4532652445014;368.47874478098635
2025-12-11T17:55:12.282+01:00;2361;0;0;0;0;268;2361;0;0;0;0;800;2361;800;1561;1621.9520575150327;368.47874478098635
2025-12-11T18:00:12.284+01:00;2362;0;0;0;0;268;2362;0;0;0;0;800;2362;800;1562;1549.4878063073033;368.47874478098635
2025-12-11T18:05:37.297+01:00;365;0;0;0;0;268;365;0;0;0;0;365;365;365;0;1509.3015783262736;368.47874478098635
2025-12-11T18:10:37.289+01:00;2139;0;0;0;0;268;2139;0;0;0;0;800;2139;800;1339;1436.8397425774813;368.47874478098635
2025-12-11T18:16:02.290+01:00;307;0;0;0;0;268;307;0;0;0;0;307;307;307;0;1403.0405193389988;368.47874478098635
2025-12-11T18:20:02.301+01:00;207;0;0;0;0;268;207;0;0;0;0;207;207;207;0;1386.2104797048526;368.47874478098635
2025-12-11T18:25:27.419+01:00;274;0;0;0;0;268;274;0;0;0;0;274;274;274;0;1356.0335379704352;368.47874478098635
2025-12-11T18:30:27.278+01:00;261;0;0;0;0;268;261;0;0;0;0;261;261;261;0;1329.5216141899473;368.47874478098635
2025-12-11T18:39:52.284+01:00;353;0;0;0;0;268;353;0;0;0;0;353;353;353;0;1261.9582273335786;368.47874478098635
2025-12-11T18:44:52.277+01:00;269;0;0;0;0;268;269;0;0;0;0;269;269;269;0;1234.6214668322236;368.47874478098635
2025-12-11T18:50:17.295+01:00;237;0;0;0;0;268;237;0;0;0;0;237;237;237;0;1208.5275420354756;368.47874478098635
2025-12-11T18:55:17.304+01:00;355;0;0;0;0;268;355;0;0;0;0;355;355;355;0;1172.4492239460446;368.47874478098635
2025-12-11T19:00:42.323+01:00;229;0;0;0;0;268;229;0;0;0;0;229;229;229;0;1147.2360291628468;368.47874478098635
2025-12-11T19:05:42.305+01:00;213;0;0;0;0;268;213;0;0;0;0;213;213;213;0;1125.5909864799198;368.47874478098635
2025-12-11T19:10:07.321+01:00;225;0;0;0;0;268;225;0;0;0;0;225;225;225;0;1105.3915962360174;368.47874478098635
2025-12-11T19:15:07.281+01:00;215;0;0;0;0;268;215;0;0;0;0;215;215;215;0;1083.5449160192152;368.47874478098635
2025-12-11T19:20:32.301+01:00;194;0;0;0;0;268;194;0;0;0;0;194;194;194;0;1060.4989072472854;368.47874478098635
2025-12-11T19:25:32.287+01:00;253;0;0;0;0;268;253;0;0;0;0;253;253;253;0;1034.7887249979628;368.47874478098635
2025-12-11T19:30:57.317+01:00;225;0;0;0;0;268;225;0;0;0;0;225;225;225;0;1010.0150969491824;368.47874478098635
2025-12-11T19:35:57.289+01:00;227;0;0;0;0;268;227;0;0;0;0;227;227;227;0;986.9481443746566;368.47874478098635
2025-12-11T19:40:22.284+01:00;1392;0;0;0;0;268;1392;0;0;0;0;800;1392;800;592;922.9396902683765;368.47874478098635
2025-12-11T19:45:22.282+01:00;451;0;0;0;0;268;451;0;0;0;0;451;451;451;0;877.1066624905986;368.47874478098635
2025-12-11T19:50:47.279+01:00;433;0;0;0;0;268;433;0;0;0;0;433;433;433;0;829.4360320705445;368.47874478098635
2025-12-11T19:55:47.297+01:00;416;0;0;0;0;268;416;0;0;0;0;416;416;416;0;787.157072720951;368.47874478098635
2025-12-11T20:01:12.337+01:00;415;0;0;0;0;268;415;0;0;0;0;415;415;415;0;741.4620862710865;368.47874478098635
2025-12-11T20:06:12.278+01:00;405;0;0;0;0;268;405;0;0;0;0;405;405;405;0;700.3116441979157;368.47874478098635
2025-12-11T20:10:37.283+01:00;404;0;0;0;0;268;404;0;0;0;0;404;404;404;0;664.0440222466962;368.47874478098635
2025-12-11T20:15:37.278+01:00;409;0;0;0;0;268;409;0;0;0;0;409;409;409;0;622.4796743469672;368.47874478098635
2025-12-11T20:21:03.346+01:00;418;0;0;0;0;268;418;0;0;0;0;418;418;418;0;576.3087990082138;368.47874478098635
2025-12-11T20:26:03.291+01:00;548;0;0;0;0;268;548;0;0;0;0;548;548;548;0;526.6802180903394;368.47874478098635
2025-12-11T20:31:29.288+01:00;534;0;0;0;0;268;534;0;0;0;0;534;534;534;0;474.119107583093;368.47874478098635
2025-12-11T20:36:29.282+01:00;435;0;0;0;0;268;435;0;0;0;0;435;435;435;0;429.91267465626373;368.47874478098635
2025-12-11T20:41:54.280+01:00;396;0;0;0;0;268;396;0;0;0;0;396;396;396;0;386.3153819733369;368.47874478098635
2025-12-11T20:45:54.278+01:00;395;0;0;0;0;268;395;0;0;0;0;395;395;395;0;354.20182845030166;368.47874478098635
2025-12-11T20:51:19.417+01:00;355;0;0;0;0;268;355;0;0;0;0;355;355;355;0;315.1014405776729;368.47874478098635
2025-12-11T20:56:19.321+01:00;358;0;0;0;0;268;358;0;0;0;0;358;358;358;0;278.7309690329575;368.47874478098635
2025-12-11T21:01:44.413+01:00;370;0;0;0;0;268;370;0;0;0;0;0;370;0;370;268;368.47874478098635
2025-12-11T21:12:10.453+01:00;367;0;0;0;0;268;367;0;0;0;0;0;367;0;367;268;368.47874478098635
2025-12-11T21:16:10.285+01:00;201;0;0;0;0;268;201;0;0;0;0;0;201;0;201;268;368.47874478098635
2025-12-11T21:21:10.291+01:00;223;0;0;0;0;268;223;0;0;0;0;0;223;0;223;268;368.47874478098635
2025-12-11T21:26:35.277+01:00;246;0;0;0;0;268;246;0;0;0;0;0;246;0;246;268;368.47874478098635
2025-12-11T21:31:35.279+01:00;231;0;0;0;0;268;231;0;0;0;0;0;231;0;231;268;368.47874478098635
2025-12-11T21:36:00.372+01:00;2516;0;0;0;0;268;2516;0;0;0;0;0;2516;0;2516;268;368.47874478098635
2025-12-11T21:42:00.302+01:00;240;0;0;0;0;268;240;0;0;0;0;0;240;0;240;268;368.47874478098635
2025-12-11T21:46:25.291+01:00;237;0;0;0;0;268;237;0;0;0;0;0;237;0;237;268;368.47874478098635
2025-12-11T21:51:25.280+01:00;218;0;0;0;0;268;218;0;0;0;0;0;218;0;218;268;368.47874478098635
2025-12-11T21:56:50.311+01:00;238;0;0;0;0;268;238;0;0;0;0;0;238;0;238;268;368.47874478098635
2025-12-11T22:01:50.282+01:00;209;0;0;0;0;268;209;0;0;0;0;0;209;0;209;268;368.47874478098635
2025-12-11T22:06:15.270+01:00;208;0;0;0;0;268;208;0;0;0;0;0;208;0;208;268;368.47874478098635
2025-12-11T22:16:40.272+01:00;212;0;0;0;0;268;212;0;0;0;0;0;212;0;212;268;368.47874478098635
2025-12-11T22:21:40.274+01:00;213;0;0;0;0;268;213;0;0;0;0;0;213;0;213;268;368.47874478098635
2025-12-11T22:27:05.284+01:00;210;0;0;0;0;268;210;0;0;0;0;0;210;0;210;268;368.47874478098635
2025-12-11T22:32:05.281+01:00;209;0;0;0;0;268;209;0;0;0;0;0;209;0;209;268;368.47874478098635
2025-12-11T22:36:30.303+01:00;218;0;0;0;0;268;218;0;0;0;0;0;218;0;218;268;368.47874478098635
2025-12-11T22:41:30.283+01:00;207;0;0;0;0;268;207;0;0;0;0;0;207;0;207;268;368.47874478098635
2025-12-11T22:46:56.275+01:00;211;0;0;0;0;268;211;0;0;0;0;0;211;0;211;268;368.47874478098635
2025-12-11T22:57:21.274+01:00;201;0;0;0;0;268;201;0;0;0;0;0;201;0;201;268;368.47874478098635
2025-12-11T23:02:21.271+01:00;203;0;0;0;0;268;203;0;0;0;0;0;203;0;203;268;368.47874478098635
2025-12-11T23:07:46.280+01:00;199;0;0;0;0;268;199;0;0;0;0;0;199;0;199;268;368.47874478098635
2025-12-11T23:11:46.276+01:00;200;0;0;0;0;268;200;0;0;0;0;0;200;0;200;268;368.47874478098635
2025-12-11T23:17:11.412+01:00;199;0;0;0;0;268;199;0;0;0;0;0;199;0;199;268;368.47874478098635
2025-12-11T23:22:11.274+01:00;180;0;0;0;0;268;180;0;0;0;0;0;180;0;180;268;368.47874478098635
2025-12-11T23:27:36.412+01:00;182;0;0;0;0;268;182;0;0;0;0;0;182;0;182;268;368.47874478098635
2025-12-11T23:32:36.308+01:00;186;0;0;0;0;268;186;0;0;0;0;0;186;0;186;268;368.47874478098635
2025-12-11T23:38:01.435+01:00;201;0;0;0;0;268;201;0;0;0;0;0;201;0;201;268;368.47874478098635
2025-12-11T23:42:01.267+01:00;200;0;0;0;0;268;200;0;0;0;0;0;200;0;200;268;368.47874478098635
2025-12-11T23:52:26.271+01:00;197;0;0;0;0;268;197;0;0;0;0;0;197;0;197;268;368.47874478098635
2025-12-11T23:57:26.282+01:00;208;0;0;0;0;268;208;0;0;0;0;0;208;0;208;268;368.47874478098635
